מספר זהות,תאריך,שעות,סוג יום
000833053,22/09/2026,8.25,עבודה
000236174,22/09/2026,7.75,עבודה
000607382,20/09/2026,7.75,עבודה
000607382,21/09/2026,7.75,עבודה
000607382,22/09/2026,7.75,עבודה
000980037,22/09/2026,9,עבודה
000714030,13/09/2026,7.5,עבודה
000714030,14/09/2026,8.75,עבודה
000714030,15/09/2026,7.5,עבודה
000714030,16/09/2026,0,חופשה
000714030,17/09/2026,8.75,עבודה
000714030,20/09/2026,8.5,עבודה
000714030,21/09/2026,8,עבודה
000714030,22/09/2026,9.25,עבודה
000632943,01/09/2026,7.75,עבודה
000632943,02/09/2026,7.75,עבודה
000632943,03/09/2026,7.75,עבודה
000632943,06/09/2026,7.5,עבודה
000632943,07/09/2026,9.5,עבודה
000632943,08/09/2026,8.5,עבודה
000632943,09/09/2026,0,חופשה
000632943,10/09/2026,9.25,עבודה
000632943,13/09/2026,9,עבודה
000632943,14/09/2026,0,מחלה
000632943,15/09/2026,7.5,עבודה
000632943,16/09/2026,8.25,עבודה
000632943,17/09/2026,9,עבודה
000632943,20/09/2026,8.25,עבודה
000632943,21/09/2026,8.5,עבודה
000632943,22/09/2026,8.25,עבודה
000523316,16/08/2026,9.25,עבודה
000523316,17/08/2026,8.5,עבודה
000523316,18/08/2026,8.75,עבודה
000523316,19/08/2026,8,עבודה
000523316,20/08/2026,8.25,עבודה
000523316,23/08/2026,8.75,עבודה
000523316,24/08/2026,8.25,עבודה
000523316,25/08/2026,9,עבודה
000523316,26/08/2026,9.25,עבודה
000523316,27/08/2026,8.5,עבודה
000523316,30/08/2026,7.75,עבודה
000523316,31/08/2026,9,עבודה
000523316,01/09/2026,7.5,עבודה
000523316,02/09/2026,7.5,עבודה
000523316,03/09/2026,8,עבודה
000523316,06/09/2026,9,עבודה
000523316,07/09/2026,7.75,עבודה
000523316,08/09/2026,9.5,עבודה
000523316,09/09/2026,7.75,עבודה
000523316,10/09/2026,9.25,עבודה
000523316,13/09/2026,8,עבודה
000523316,14/09/2026,0,חופשה
000523316,15/09/2026,7.75,עבודה
000523316,16/09/2026,9,עבודה
000523316,17/09/2026,8.75,עבודה
000523316,20/09/2026,9.5,עבודה
000523316,21/09/2026,9.25,עבודה
000523316,22/09/2026,8.75,עבודה
000725523,13/08/2026,8,עבודה
000725523,16/08/2026,8,עבודה
000725523,17/08/2026,9,עבודה
000725523,18/08/2026,8,עבודה
000725523,19/08/2026,8,עבודה
000725523,20/08/2026,7.5,עבודה
000725523,23/08/2026,8,עבודה
000725523,24/08/2026,8.25,עבודה
000725523,25/08/2026,7.75,עבודה
000725523,26/08/2026,9,עבודה
000725523,27/08/2026,8,עבודה
000725523,30/08/2026,8.5,עבודה
000725523,31/08/2026,0,מחלה
000725523,01/09/2026,8.5,עבודה
000725523,02/09/2026,9.5,עבודה
000725523,03/09/2026,8.25,עבודה
000725523,06/09/2026,9.5,עבודה
000725523,07/09/2026,8.25,עבודה
000725523,08/09/2026,7.5,עבודה
000725523,09/09/2026,8.25,עבודה
000725523,10/09/2026,8.75,עבודה
000725523,13/09/2026,8.25,עבודה
000725523,14/09/2026,7.75,עבודה
000725523,15/09/2026,0,חופשה
000725523,16/09/2026,7.75,עבודה
000725523,17/09/2026,7.5,עבודה
000725523,20/09/2026,8.75,עבודה
000725523,21/09/2026,9,עבודה
000725523,22/09/2026,8.25,עבודה
000323352,02/08/2026,7.75,עבודה
000323352,03/08/2026,8.75,עבודה
000323352,04/08/2026,8.75,עבודה
000323352,05/08/2026,0,מחלה
000323352,06/08/2026,9.25,עבודה
000323352,09/08/2026,8.25,עבודה
000323352,10/08/2026,0,חופשה
000323352,11/08/2026,8.25,עבודה
000323352,12/08/2026,9.5,עבודה
000323352,13/08/2026,9,עבודה
000323352,16/08/2026,8,עבודה
000323352,17/08/2026,7.5,עבודה
000323352,18/08/2026,7.5,עבודה
000323352,19/08/2026,8.5,עבודה
000323352,20/08/2026,9,עבודה
000323352,23/08/2026,8,עבודה
000323352,24/08/2026,9.25,עבודה
000323352,25/08/2026,9.25,עבודה
000323352,26/08/2026,8,עבודה
000323352,27/08/2026,7.75,עבודה
000323352,30/08/2026,8,עבודה
000323352,31/08/2026,8.5,עבודה
000323352,01/09/2026,8.5,עבודה
000323352,02/09/2026,7.75,עבודה
000323352,03/09/2026,0,חופשה
000323352,06/09/2026,8.25,עבודה
000323352,07/09/2026,7.5,עבודה
000323352,08/09/2026,0,מחלה
000323352,09/09/2026,9.25,עבודה
000323352,10/09/2026,9.25,עבודה
000323352,13/09/2026,8,עבודה
000323352,14/09/2026,7.75,עבודה
000323352,15/09/2026,8.25,עבודה
000323352,16/09/2026,0,חופשה
000323352,17/09/2026,9.5,עבודה
000323352,20/09/2026,7.5,עבודה
000323352,21/09/2026,0,חופשה
000323352,22/09/2026,0,חופשה
000405803,06/08/2026,0,מחלה
000405803,09/08/2026,9,עבודה
000405803,10/08/2026,8,עבודה
000405803,11/08/2026,7.75,עבודה
000405803,12/08/2026,8.25,עבודה
000405803,13/08/2026,8.5,עבודה
000405803,16/08/2026,9,עבודה
000405803,17/08/2026,8.25,עבודה
000405803,18/08/2026,9.25,עבודה
000405803,19/08/2026,7.75,עבודה
000405803,20/08/2026,9.5,עבודה
000405803,23/08/2026,9.5,עבודה
000405803,24/08/2026,9.5,עבודה
000405803,25/08/2026,8.25,עבודה
000405803,26/08/2026,9,עבודה
000405803,27/08/2026,8.75,עבודה
000405803,30/08/2026,9.25,עבודה
000405803,31/08/2026,8.75,עבודה
000405803,01/09/2026,8,עבודה
000405803,02/09/2026,9,עבודה
000405803,03/09/2026,9.25,עבודה
000405803,06/09/2026,8.75,עבודה
000405803,07/09/2026,9,עבודה
000405803,08/09/2026,7.75,עבודה
000405803,09/09/2026,8,עבודה
000405803,10/09/2026,8.5,עבודה
000405803,13/09/2026,7.75,עבודה
000405803,14/09/2026,8.5,עבודה
000405803,15/09/2026,8.25,עבודה
000405803,16/09/2026,8,עבודה
000405803,17/09/2026,0,חופשה
000405803,20/09/2026,9.25,עבודה
000405803,21/09/2026,7.5,עבודה
000405803,22/09/2026,0,חופשה
000320952,26/08/2026,8.25,עבודה
000320952,27/08/2026,7.75,עבודה
000320952,30/08/2026,7.75,עבודה
000320952,31/08/2026,9.25,עבודה
000320952,01/09/2026,9,עבודה
000320952,02/09/2026,7.5,עבודה
000320952,03/09/2026,8.5,עבודה
000320952,06/09/2026,7.75,עבודה
000320952,07/09/2026,8.75,עבודה
000320952,08/09/2026,9.5,עבודה
000320952,09/09/2026,8.75,עבודה
000320952,10/09/2026,8,עבודה
000320952,13/09/2026,8.75,עבודה
000320952,14/09/2026,9.25,עבודה
000320952,15/09/2026,0,חופשה
000320952,16/09/2026,8.25,עבודה
000320952,17/09/2026,8,עבודה
000320952,20/09/2026,0,חופשה
000320952,21/09/2026,0,מחלה
000320952,22/09/2026,8.25,עבודה
000994533,26/07/2026,8,עבודה
000994533,27/07/2026,8.25,עבודה
000994533,28/07/2026,9,עבודה
000994533,29/07/2026,8.75,עבודה
000994533,30/07/2026,7.75,עבודה
000994533,02/08/2026,9,עבודה
000994533,03/08/2026,9.25,עבודה
000994533,04/08/2026,9.25,עבודה
000994533,05/08/2026,8,עבודה
000994533,06/08/2026,8,עבודה
000994533,09/08/2026,9,עבודה
000994533,10/08/2026,7.75,עבודה
000994533,11/08/2026,0,חופשה
000994533,12/08/2026,9.25,עבודה
000994533,13/08/2026,7.5,עבודה
000994533,16/08/2026,9.5,עבודה
000994533,17/08/2026,8,עבודה
000994533,18/08/2026,7.75,עבודה
000994533,19/08/2026,8.75,עבודה
000994533,20/08/2026,8.5,עבודה
000994533,23/08/2026,7.75,עבודה
000994533,24/08/2026,8.75,עבודה
000994533,25/08/2026,8.5,עבודה
000994533,26/08/2026,8.25,עבודה
000994533,27/08/2026,8.25,עבודה
000994533,30/08/2026,8,עבודה
000994533,31/08/2026,8.75,עבודה
000994533,01/09/2026,8.75,עבודה
000994533,02/09/2026,8.5,עבודה
000994533,03/09/2026,8.25,עבודה
000994533,06/09/2026,9,עבודה
000994533,07/09/2026,8.75,עבודה
000994533,08/09/2026,7.75,עבודה
000994533,09/09/2026,8.5,עבודה
000994533,10/09/2026,9,עבודה
000994533,13/09/2026,8,עבודה
000994533,14/09/2026,0,חופשה
000994533,15/09/2026,7.5,עבודה
000994533,16/09/2026,0,מחלה
000994533,17/09/2026,7.5,עבודה
000994533,20/09/2026,8.75,עבודה
000994533,21/09/2026,9.5,עבודה
000994533,22/09/2026,0,מחלה
000568873,20/07/2026,8.25,עבודה
000568873,21/07/2026,8,עבודה
000568873,22/07/2026,9.25,עבודה
000568873,23/07/2026,8,עבודה
000568873,26/07/2026,7.5,עבודה
000568873,27/07/2026,0,חופשה
000568873,28/07/2026,8.5,עבודה
000568873,29/07/2026,8.25,עבודה
000568873,30/07/2026,8.5,עבודה
000568873,02/08/2026,8.5,עבודה
000568873,03/08/2026,8,עבודה
000568873,04/08/2026,9,עבודה
000568873,05/08/2026,7.5,עבודה
000568873,06/08/2026,8.5,עבודה
000568873,09/08/2026,9.5,עבודה
000568873,10/08/2026,0,חופשה
000568873,11/08/2026,9,עבודה
000568873,12/08/2026,8.75,עבודה
000568873,13/08/2026,9,עבודה
000568873,16/08/2026,9.25,עבודה
000568873,17/08/2026,9,עבודה
000568873,18/08/2026,0,מחלה
000568873,19/08/2026,9.25,עבודה
000568873,20/08/2026,9,עבודה
000568873,23/08/2026,7.75,עבודה
000568873,24/08/2026,8.5,עבודה
000568873,25/08/2026,7.75,עבודה
000568873,26/08/2026,7.5,עבודה
000568873,27/08/2026,7.75,עבודה
000568873,30/08/2026,8.75,עבודה
000568873,31/08/2026,7.75,עבודה
000568873,01/09/2026,8.5,עבודה
000568873,02/09/2026,8.25,עבודה
000568873,03/09/2026,0,מחלה
000568873,06/09/2026,8,עבודה
000568873,07/09/2026,9.5,עבודה
000568873,08/09/2026,8.75,עבודה
000568873,09/09/2026,8.75,עבודה
000568873,10/09/2026,9,עבודה
000568873,13/09/2026,8.5,עבודה
000568873,14/09/2026,9,עבודה
000568873,15/09/2026,9.25,עבודה
000568873,16/09/2026,9.25,עבודה
000568873,17/09/2026,8.25,עבודה
000568873,20/09/2026,7.5,עבודה
000568873,21/09/2026,8.5,עבודה
000568873,22/09/2026,8.75,עבודה
000484204,14/07/2026,9.25,עבודה
000484204,15/07/2026,8.75,עבודה
000484204,16/07/2026,8.25,עבודה
000484204,19/07/2026,8.5,עבודה
000484204,20/07/2026,0,חופשה
000484204,21/07/2026,7.75,עבודה
000484204,22/07/2026,7.5,עבודה
000484204,23/07/2026,9.5,עבודה
000484204,26/07/2026,8,עבודה
000484204,27/07/2026,8.75,עבודה
000484204,28/07/2026,8.5,עבודה
000484204,29/07/2026,8.75,עבודה
000484204,30/07/2026,9.25,עבודה
000484204,02/08/2026,8.5,עבודה
000484204,03/08/2026,8,עבודה
000484204,04/08/2026,7.75,עבודה
000484204,05/08/2026,8.5,עבודה
000484204,06/08/2026,8.75,עבודה
000484204,09/08/2026,8.75,עבודה
000484204,10/08/2026,8,עבודה
000484204,11/08/2026,9.5,עבודה
000484204,12/08/2026,8.5,עבודה
000484204,13/08/2026,8.25,עבודה
000484204,16/08/2026,8.5,עבודה
000484204,17/08/2026,9.5,עבודה
000484204,18/08/2026,8.75,עבודה
000484204,19/08/2026,9.25,עבודה
000484204,20/08/2026,8.75,עבודה
000484204,23/08/2026,8,עבודה
000484204,24/08/2026,8.75,עבודה
000484204,25/08/2026,9.25,עבודה
000484204,26/08/2026,8.25,עבודה
000484204,27/08/2026,0,מחלה
000484204,30/08/2026,8.25,עבודה
000484204,31/08/2026,9,עבודה
000484204,01/09/2026,9,עבודה
000484204,02/09/2026,9.25,עבודה
000484204,03/09/2026,8,עבודה
000484204,06/09/2026,8.5,עבודה
000484204,07/09/2026,0,מחלה
000484204,08/09/2026,9.25,עבודה
000484204,09/09/2026,7.5,עבודה
000484204,10/09/2026,8.5,עבודה
000484204,13/09/2026,8.25,עבודה
000484204,14/09/2026,9.25,עבודה
000484204,15/09/2026,8.5,עבודה
000484204,16/09/2026,9.25,עבודה
000484204,17/09/2026,8.75,עבודה
000484204,20/09/2026,0,חופשה
000484204,21/09/2026,9.25,עבודה
000484204,22/09/2026,8.5,עבודה
000630921,26/07/2026,9.25,עבודה
000630921,27/07/2026,8,עבודה
000630921,28/07/2026,7.75,עבודה
000630921,29/07/2026,8.75,עבודה
000630921,30/07/2026,7.75,עבודה
000630921,02/08/2026,8.25,עבודה
000630921,03/08/2026,7.75,עבודה
000630921,04/08/2026,7.75,עבודה
000630921,05/08/2026,9.25,עבודה
000630921,06/08/2026,8.25,עבודה
000630921,09/08/2026,8.75,עבודה
000630921,10/08/2026,9.25,עבודה
000630921,11/08/2026,8.25,עבודה
000630921,12/08/2026,8,עבודה
000630921,13/08/2026,8.75,עבודה
000630921,16/08/2026,8.25,עבודה
000630921,17/08/2026,8.25,עבודה
000630921,18/08/2026,7.75,עבודה
000630921,19/08/2026,8.5,עבודה
000630921,20/08/2026,8.25,עבודה
000630921,23/08/2026,9.5,עבודה
000630921,24/08/2026,7.75,עבודה
000630921,25/08/2026,8.25,עבודה
000630921,26/08/2026,9,עבודה
000630921,27/08/2026,7.5,עבודה
000630921,30/08/2026,8.5,עבודה
000630921,31/08/2026,8.75,עבודה
000630921,01/09/2026,7.75,עבודה
000630921,02/09/2026,8.75,עבודה
000630921,03/09/2026,9.25,עבודה
000630921,06/09/2026,8.25,עבודה
000630921,07/09/2026,7.75,עבודה
000630921,08/09/2026,7.75,עבודה
000630921,09/09/2026,9.25,עבודה
000630921,10/09/2026,9,עבודה
000630921,13/09/2026,9,עבודה
000630921,14/09/2026,8.25,עבודה
000630921,15/09/2026,0,מחלה
000630921,16/09/2026,9,עבודה
000630921,17/09/2026,0,חופשה
000630921,20/09/2026,8.25,עבודה
000630921,21/09/2026,0,חופשה
000630921,22/09/2026,0,מחלה
000992230,15/06/2026,9,עבודה
000992230,16/06/2026,8.25,עבודה
000992230,17/06/2026,8.5,עבודה
000992230,18/06/2026,8.75,עבודה
000992230,21/06/2026,9,עבודה
000992230,22/06/2026,8.5,עבודה
000992230,23/06/2026,7.75,עבודה
000992230,24/06/2026,8.75,עבודה
000992230,25/06/2026,7.75,עבודה
000992230,28/06/2026,8,עבודה
000992230,29/06/2026,8.25,עבודה
000992230,30/06/2026,7.75,עבודה
000992230,01/07/2026,7.75,עבודה
000992230,02/07/2026,9,עבודה
000992230,05/07/2026,8.75,עבודה
000992230,06/07/2026,7.75,עבודה
000992230,07/07/2026,8,עבודה
000992230,08/07/2026,0,חופשה
000992230,09/07/2026,9,עבודה
000992230,12/07/2026,9.25,עבודה
000992230,13/07/2026,8,עבודה
000992230,14/07/2026,7.5,עבודה
000992230,15/07/2026,8.25,עבודה
000992230,16/07/2026,0,חופשה
000992230,19/07/2026,7.75,עבודה
000992230,20/07/2026,9.25,עבודה
000992230,21/07/2026,9.25,עבודה
000992230,22/07/2026,9,עבודה
000992230,23/07/2026,8.75,עבודה
000992230,26/07/2026,7.75,עבודה
000992230,27/07/2026,8,עבודה
000992230,28/07/2026,7.75,עבודה
000992230,29/07/2026,9.25,עבודה
000992230,30/07/2026,8,עבודה
000992230,02/08/2026,0,מחלה
000992230,03/08/2026,7.75,עבודה
000992230,04/08/2026,9.25,עבודה
000992230,05/08/2026,0,מחלה
000992230,06/08/2026,8.25,עבודה
000992230,09/08/2026,0,חופשה
000992230,10/08/2026,8.25,עבודה
000992230,11/08/2026,9,עבודה
000992230,12/08/2026,9.5,עבודה
000992230,13/08/2026,9.5,עבודה
000992230,16/08/2026,9.5,עבודה
000992230,17/08/2026,9.5,עבודה
000992230,18/08/2026,9.25,עבודה
000992230,19/08/2026,8,עבודה
000992230,20/08/2026,8.5,עבודה
000992230,23/08/2026,8.5,עבודה
000992230,24/08/2026,9,עבודה
000992230,25/08/2026,8.75,עבודה
000992230,26/08/2026,0,מחלה
000992230,27/08/2026,9.25,עבודה
000992230,30/08/2026,8.75,עבודה
000992230,31/08/2026,8.75,עבודה
000992230,01/09/2026,9,עבודה
000992230,02/09/2026,9.5,עבודה
000992230,03/09/2026,8.25,עבודה
000992230,06/09/2026,9.25,עבודה
000992230,07/09/2026,8.25,עבודה
000992230,08/09/2026,7.5,עבודה
000992230,09/09/2026,9.5,עבודה
000992230,10/09/2026,8.5,עבודה
000992230,13/09/2026,9,עבודה
000992230,14/09/2026,8.25,עבודה
000992230,15/09/2026,8.5,עבודה
000992230,16/09/2026,9.25,עבודה
000992230,17/09/2026,7.75,עבודה
000992230,20/09/2026,9,עבודה
000992230,21/09/2026,7.75,עבודה
000992230,22/09/2026,8.25,עבודה
000640367,10/06/2026,8.75,עבודה
000640367,11/06/2026,8.75,עבודה
000640367,14/06/2026,8.5,עבודה
000640367,15/06/2026,7.75,עבודה
000640367,16/06/2026,8.75,עבודה
000640367,17/06/2026,0,חופשה
000640367,18/06/2026,9.5,עבודה
000640367,21/06/2026,8.25,עבודה
000640367,22/06/2026,0,מחלה
000640367,23/06/2026,8.75,עבודה
000640367,24/06/2026,7.75,עבודה
000640367,25/06/2026,9,עבודה
000640367,28/06/2026,8.5,עבודה
000640367,29/06/2026,7.75,עבודה
000640367,30/06/2026,8.75,עבודה
000640367,01/07/2026,9.5,עבודה
000640367,02/07/2026,0,חופשה
000640367,05/07/2026,7.75,עבודה
000640367,06/07/2026,9.25,עבודה
000640367,07/07/2026,9.25,עבודה
000640367,08/07/2026,9.5,עבודה
000640367,09/07/2026,9.25,עבודה
000640367,12/07/2026,8.75,עבודה
000640367,13/07/2026,8,עבודה
000640367,14/07/2026,7.75,עבודה
000640367,15/07/2026,8.75,עבודה
000640367,16/07/2026,8.25,עבודה
000640367,19/07/2026,8.5,עבודה
000640367,20/07/2026,8.25,עבודה
000640367,21/07/2026,7.75,עבודה
000640367,22/07/2026,9.25,עבודה
000640367,23/07/2026,9,עבודה
000640367,26/07/2026,8.75,עבודה
000640367,27/07/2026,8.5,עבודה
000640367,28/07/2026,0,מחלה
000640367,29/07/2026,8.25,עבודה
000640367,30/07/2026,8.25,עבודה
000640367,02/08/2026,8,עבודה
000640367,03/08/2026,9.25,עבודה
000640367,04/08/2026,8,עבודה
000640367,05/08/2026,8.75,עבודה
000640367,06/08/2026,8.5,עבודה
000640367,09/08/2026,0,חופשה
000640367,10/08/2026,7.5,עבודה
000640367,11/08/2026,8.75,עבודה
000640367,12/08/2026,8.5,עבודה
000640367,13/08/2026,8,עבודה
000640367,16/08/2026,9.25,עבודה
000640367,17/08/2026,0,מחלה
000640367,18/08/2026,8.25,עבודה
000640367,19/08/2026,7.75,עבודה
000640367,20/08/2026,9,עבודה
000640367,23/08/2026,8,עבודה
000640367,24/08/2026,9,עבודה
000640367,25/08/2026,0,מחלה
000640367,26/08/2026,9.25,עבודה
000640367,27/08/2026,7.5,עבודה
000640367,30/08/2026,7.5,עבודה
000640367,31/08/2026,0,מחלה
000640367,01/09/2026,0,חופשה
000640367,02/09/2026,8.5,עבודה
000640367,03/09/2026,8.5,עבודה
000640367,06/09/2026,8.75,עבודה
000640367,07/09/2026,7.75,עבודה
000640367,08/09/2026,8.75,עבודה
000640367,09/09/2026,7.75,עבודה
000640367,10/09/2026,8.5,עבודה
000640367,13/09/2026,9.25,עבודה
000640367,14/09/2026,8.25,עבודה
000640367,15/09/2026,8.5,עבודה
000640367,16/09/2026,8,עבודה
000640367,17/09/2026,0,חופשה
000640367,20/09/2026,8,עבודה
000640367,21/09/2026,9,עבודה
000640367,22/09/2026,8.5,עבודה
000698290,25/06/2026,7.75,עבודה
000698290,28/06/2026,9.25,עבודה
000698290,29/06/2026,9,עבודה
000698290,30/06/2026,9.25,עבודה
000698290,01/07/2026,9.25,עבודה
000698290,02/07/2026,8.75,עבודה
000698290,05/07/2026,8.5,עבודה
000698290,06/07/2026,8,עבודה
000698290,07/07/2026,9.25,עבודה
000698290,08/07/2026,8.75,עבודה
000698290,09/07/2026,8.75,עבודה
000698290,12/07/2026,9.25,עבודה
000698290,13/07/2026,7.75,עבודה
000698290,14/07/2026,9,עבודה
000698290,15/07/2026,7.5,עבודה
000698290,16/07/2026,9,עבודה
000698290,19/07/2026,7.75,עבודה
000698290,20/07/2026,8,עבודה
000698290,21/07/2026,9,עבודה
000698290,22/07/2026,0,חופשה
000698290,23/07/2026,7.75,עבודה
000698290,26/07/2026,9,עבודה
000698290,27/07/2026,8.75,עבודה
000698290,28/07/2026,0,חופשה
000698290,29/07/2026,9.5,עבודה
000698290,30/07/2026,8.75,עבודה
000698290,02/08/2026,9,עבודה
000698290,03/08/2026,0,חופשה
000698290,04/08/2026,8.25,עבודה
000698290,05/08/2026,0,חופשה
000698290,06/08/2026,9.25,עבודה
000698290,09/08/2026,8.75,עבודה
000698290,10/08/2026,0,מחלה
000698290,11/08/2026,8.5,עבודה
000698290,12/08/2026,8,עבודה
000698290,13/08/2026,9.25,עבודה
000698290,16/08/2026,8,עבודה
000698290,17/08/2026,9,עבודה
000698290,18/08/2026,9,עבודה
000698290,19/08/2026,8.5,עבודה
000698290,20/08/2026,9.25,עבודה
000698290,23/08/2026,8,עבודה
000698290,24/08/2026,7.5,עבודה
000698290,25/08/2026,8.75,עבודה
000698290,26/08/2026,8,עבודה
000698290,27/08/2026,9,עבודה
000698290,30/08/2026,9,עבודה
000698290,31/08/2026,8.5,עבודה
000698290,01/09/2026,8.25,עבודה
000698290,02/09/2026,9,עבודה
000698290,03/09/2026,7.5,עבודה
000698290,06/09/2026,8.75,עבודה
000698290,07/09/2026,7.75,עבודה
000698290,08/09/2026,9,עבודה
000698290,09/09/2026,9,עבודה
000698290,10/09/2026,9.25,עבודה
000698290,13/09/2026,8.5,עבודה
000698290,14/09/2026,0,חופשה
000698290,15/09/2026,8.25,עבודה
000698290,16/09/2026,9,עבודה
000698290,17/09/2026,8.25,עבודה
000698290,20/09/2026,0,חופשה
000698290,21/09/2026,9.25,עבודה
000698290,22/09/2026,7.5,עבודה
000853507,14/06/2026,0,מחלה
000853507,15/06/2026,8,עבודה
000853507,16/06/2026,8.25,עבודה
000853507,17/06/2026,0,חופשה
000853507,18/06/2026,8.25,עבודה
000853507,21/06/2026,7.75,עבודה
000853507,22/06/2026,7.5,עבודה
000853507,23/06/2026,9,עבודה
000853507,24/06/2026,8.5,עבודה
000853507,25/06/2026,8.75,עבודה
000853507,28/06/2026,9,עבודה
000853507,29/06/2026,8.5,עבודה
000853507,30/06/2026,7.75,עבודה
000853507,01/07/2026,8.5,עבודה
000853507,02/07/2026,8,עבודה
000853507,05/07/2026,9,עבודה
000853507,06/07/2026,8.5,עבודה
000853507,07/07/2026,8.25,עבודה
000853507,08/07/2026,8.75,עבודה
000853507,09/07/2026,9.25,עבודה
000853507,12/07/2026,8.25,עבודה
000853507,13/07/2026,9.25,עבודה
000853507,14/07/2026,8.75,עבודה
000853507,15/07/2026,7.75,עבודה
000853507,16/07/2026,8.75,עבודה
000853507,19/07/2026,8.25,עבודה
000853507,20/07/2026,0,חופשה
000853507,21/07/2026,8.75,עבודה
000853507,22/07/2026,8.25,עבודה
000853507,23/07/2026,9.25,עבודה
000853507,26/07/2026,8,עבודה
000853507,27/07/2026,8.5,עבודה
000853507,28/07/2026,9,עבודה
000853507,29/07/2026,8.25,עבודה
000853507,30/07/2026,9.25,עבודה
000853507,02/08/2026,8,עבודה
000853507,03/08/2026,9,עבודה
000853507,04/08/2026,7.75,עבודה
000853507,05/08/2026,8,עבודה
000853507,06/08/2026,9,עבודה
000853507,09/08/2026,9.25,עבודה
000853507,10/08/2026,9,עבודה
000853507,11/08/2026,8.5,עבודה
000853507,12/08/2026,9,עבודה
000853507,13/08/2026,9.25,עבודה
000853507,16/08/2026,9.5,עבודה
000853507,17/08/2026,8.75,עבודה
000853507,18/08/2026,8.5,עבודה
000853507,19/08/2026,9.25,עבודה
000853507,20/08/2026,7.5,עבודה
000853507,23/08/2026,8,עבודה
000853507,24/08/2026,8,עבודה
000853507,25/08/2026,8,עבודה
000853507,26/08/2026,8.75,עבודה
000853507,27/08/2026,8.75,עבודה
000853507,30/08/2026,8.5,עבודה
000853507,31/08/2026,9.25,עבודה
000853507,01/09/2026,8,עבודה
000853507,02/09/2026,9.5,עבודה
000853507,03/09/2026,9,עבודה
000853507,06/09/2026,8,עבודה
000853507,07/09/2026,9,עבודה
000853507,08/09/2026,8,עבודה
000853507,09/09/2026,7.75,עבודה
000853507,10/09/2026,0,חופשה
000853507,13/09/2026,8,עבודה
000853507,14/09/2026,9.5,עבודה
000853507,15/09/2026,9.25,עבודה
000853507,16/09/2026,8.25,עבודה
000853507,17/09/2026,8,עבודה
000853507,20/09/2026,8.75,עבודה
000853507,21/09/2026,7.75,עבודה
000853507,22/09/2026,9.5,עבודה
000459990,21/06/2026,8.75,עבודה
000459990,22/06/2026,9.5,עבודה
000459990,23/06/2026,8.75,עבודה
000459990,24/06/2026,8.25,עבודה
000459990,25/06/2026,0,חופשה
000459990,28/06/2026,7.75,עבודה
000459990,29/06/2026,0,חופשה
000459990,30/06/2026,9.25,עבודה
000459990,01/07/2026,8.75,עבודה
000459990,02/07/2026,7.75,עבודה
000459990,05/07/2026,7.75,עבודה
000459990,06/07/2026,9.25,עבודה
000459990,07/07/2026,8.5,עבודה
000459990,08/07/2026,7.75,עבודה
000459990,09/07/2026,8,עבודה
000459990,12/07/2026,8.5,עבודה
000459990,13/07/2026,9,עבודה
000459990,14/07/2026,9.25,עבודה
000459990,15/07/2026,8.75,עבודה
000459990,16/07/2026,8.75,עבודה
000459990,19/07/2026,9.25,עבודה
000459990,20/07/2026,8,עבודה
000459990,21/07/2026,8.25,עבודה
000459990,22/07/2026,7.75,עבודה
000459990,23/07/2026,8.75,עבודה
000459990,26/07/2026,8,עבודה
000459990,27/07/2026,8.25,עבודה
000459990,28/07/2026,8.5,עבודה
000459990,29/07/2026,9.25,עבודה
000459990,30/07/2026,9,עבודה
000459990,02/08/2026,8.75,עבודה
000459990,03/08/2026,0,מחלה
000459990,04/08/2026,7.5,עבודה
000459990,05/08/2026,7.75,עבודה
000459990,06/08/2026,9,עבודה
000459990,09/08/2026,7.75,עבודה
000459990,10/08/2026,8.75,עבודה
000459990,11/08/2026,8,עבודה
000459990,12/08/2026,9,עבודה
000459990,13/08/2026,9.25,עבודה
000459990,16/08/2026,9.5,עבודה
000459990,17/08/2026,9.5,עבודה
000459990,18/08/2026,9.5,עבודה
000459990,19/08/2026,9.5,עבודה
000459990,20/08/2026,8.5,עבודה
000459990,23/08/2026,8.5,עבודה
000459990,24/08/2026,8.5,עבודה
000459990,25/08/2026,9.25,עבודה
000459990,26/08/2026,9,עבודה
000459990,27/08/2026,7.75,עבודה
000459990,30/08/2026,8.25,עבודה
000459990,31/08/2026,8.25,עבודה
000459990,01/09/2026,8.5,עבודה
000459990,02/09/2026,8.5,עבודה
000459990,03/09/2026,7.75,עבודה
000459990,06/09/2026,9,עבודה
000459990,07/09/2026,7.5,עבודה
000459990,08/09/2026,9,עבודה
000459990,09/09/2026,9,עבודה
000459990,10/09/2026,8.5,עבודה
000459990,13/09/2026,8.75,עבודה
000459990,14/09/2026,0,מחלה
000459990,15/09/2026,9.5,עבודה
000459990,16/09/2026,8.5,עבודה
000459990,17/09/2026,8.5,עבודה
000459990,20/09/2026,7.75,עבודה
000459990,21/09/2026,9,עבודה
000459990,22/09/2026,8.5,עבודה
000542811,24/05/2026,8.5,עבודה
000542811,25/05/2026,8,עבודה
000542811,26/05/2026,8.75,עבודה
000542811,27/05/2026,8,עבודה
000542811,28/05/2026,8,עבודה
000542811,31/05/2026,8.25,עבודה
000542811,01/06/2026,7.5,עבודה
000542811,02/06/2026,7.75,עבודה
000542811,03/06/2026,0,מחלה
000542811,04/06/2026,8.5,עבודה
000542811,07/06/2026,8.75,עבודה
000542811,08/06/2026,8,עבודה
000542811,09/06/2026,9.25,עבודה
000542811,10/06/2026,0,מחלה
000542811,11/06/2026,7.5,עבודה
000542811,14/06/2026,9.5,עבודה
000542811,15/06/2026,8.5,עבודה
000542811,16/06/2026,9.5,עבודה
000542811,17/06/2026,9,עבודה
000542811,18/06/2026,9.5,עבודה
000542811,21/06/2026,9.5,עבודה
000542811,22/06/2026,9.5,עבודה
000542811,23/06/2026,8.5,עבודה
000542811,24/06/2026,8.5,עבודה
000542811,25/06/2026,8.25,עבודה
000542811,28/06/2026,8.5,עבודה
000542811,29/06/2026,9.25,עבודה
000542811,30/06/2026,0,חופשה
000542811,01/07/2026,0,חופשה
000542811,02/07/2026,7.75,עבודה
000542811,05/07/2026,8.5,עבודה
000542811,06/07/2026,8.25,עבודה
000542811,07/07/2026,8.5,עבודה
000542811,08/07/2026,9.25,עבודה
000542811,09/07/2026,0,מחלה
000542811,12/07/2026,8.25,עבודה
000542811,13/07/2026,8,עבודה
000542811,14/07/2026,7.75,עבודה
000542811,15/07/2026,8,עבודה
000542811,16/07/2026,9,עבודה
000542811,19/07/2026,9.25,עבודה
000542811,20/07/2026,8,עבודה
000542811,21/07/2026,8,עבודה
000542811,22/07/2026,9,עבודה
000542811,23/07/2026,8.25,עבודה
000542811,26/07/2026,8.5,עבודה
000542811,27/07/2026,7.75,עבודה
000542811,28/07/2026,8.25,עבודה
000542811,29/07/2026,8.5,עבודה
000542811,30/07/2026,8,עבודה
000542811,02/08/2026,7.5,עבודה
000542811,03/08/2026,8.5,עבודה
000542811,04/08/2026,7.75,עבודה
000542811,05/08/2026,7.5,עבודה
000542811,06/08/2026,8.25,עבודה
000542811,09/08/2026,9,עבודה
000542811,10/08/2026,8.25,עבודה
000542811,11/08/2026,8,עבודה
000542811,12/08/2026,7.75,עבודה
000542811,13/08/2026,7.5,עבודה
000542811,16/08/2026,9,עבודה
000542811,17/08/2026,8.5,עבודה
000542811,18/08/2026,8,עבודה
000542811,19/08/2026,9,עבודה
000542811,20/08/2026,7.5,עבודה
000542811,23/08/2026,8.75,עבודה
000542811,24/08/2026,8.25,עבודה
000542811,25/08/2026,8.75,עבודה
000542811,26/08/2026,0,חופשה
000542811,27/08/2026,8.25,עבודה
000542811,30/08/2026,8.5,עבודה
000542811,31/08/2026,9.25,עבודה
000542811,01/09/2026,9.25,עבודה
000542811,02/09/2026,9.25,עבודה
000542811,03/09/2026,9.5,עבודה
000542811,06/09/2026,9,עבודה
000542811,07/09/2026,8.25,עבודה
000542811,08/09/2026,9.5,עבודה
000542811,09/09/2026,9,עבודה
000542811,10/09/2026,8.75,עבודה
000542811,13/09/2026,8.75,עבודה
000542811,14/09/2026,0,מחלה
000542811,15/09/2026,9,עבודה
000542811,16/09/2026,9.25,עבודה
000542811,17/09/2026,7.75,עבודה
000542811,20/09/2026,8.5,עבודה
000542811,21/09/2026,8.25,עבודה
000542811,22/09/2026,9.25,עבודה
000278754,24/05/2026,8.5,עבודה
000278754,25/05/2026,9,עבודה
000278754,26/05/2026,9,עבודה
000278754,27/05/2026,8.75,עבודה
000278754,28/05/2026,8.25,עבודה
000278754,31/05/2026,7.75,עבודה
000278754,01/06/2026,7.5,עבודה
000278754,02/06/2026,9,עבודה
000278754,03/06/2026,0,מחלה
000278754,04/06/2026,8,עבודה
000278754,07/06/2026,8.5,עבודה
000278754,08/06/2026,9,עבודה
000278754,09/06/2026,8.25,עבודה
000278754,10/06/2026,9,עבודה
000278754,11/06/2026,8.25,עבודה
000278754,14/06/2026,8,עבודה
000278754,15/06/2026,8.5,עבודה
000278754,16/06/2026,9,עבודה
000278754,17/06/2026,9,עבודה
000278754,18/06/2026,8.75,עבודה
000278754,21/06/2026,9.25,עבודה
000278754,22/06/2026,7.75,עבודה
000278754,23/06/2026,9.25,עבודה
000278754,24/06/2026,8,עבודה
000278754,25/06/2026,8.5,עבודה
000278754,28/06/2026,9.25,עבודה
000278754,29/06/2026,9.5,עבודה
000278754,30/06/2026,9,עבודה
000278754,01/07/2026,8.75,עבודה
000278754,02/07/2026,8.5,עבודה
000278754,05/07/2026,9.25,עבודה
000278754,06/07/2026,0,מחלה
000278754,07/07/2026,7.75,עבודה
000278754,08/07/2026,9,עבודה
000278754,09/07/2026,9.5,עבודה
000278754,12/07/2026,8,עבודה
000278754,13/07/2026,8.25,עבודה
000278754,14/07/2026,9,עבודה
000278754,15/07/2026,8.25,עבודה
000278754,16/07/2026,8.75,עבודה
000278754,19/07/2026,8.75,עבודה
000278754,20/07/2026,8,עבודה
000278754,21/07/2026,0,חופשה
000278754,22/07/2026,9,עבודה
000278754,23/07/2026,8,עבודה
000278754,26/07/2026,9,עבודה
000278754,27/07/2026,9,עבודה
000278754,28/07/2026,8,עבודה
000278754,29/07/2026,8.75,עבודה
000278754,30/07/2026,9.25,עבודה
000278754,02/08/2026,0,חופשה
000278754,03/08/2026,0,מחלה
000278754,04/08/2026,0,מחלה
000278754,05/08/2026,8,עבודה
000278754,06/08/2026,8,עבודה
000278754,09/08/2026,8.5,עבודה
000278754,10/08/2026,8,עבודה
000278754,11/08/2026,8.5,עבודה
000278754,12/08/2026,7.75,עבודה
000278754,13/08/2026,9,עבודה
000278754,16/08/2026,8.75,עבודה
000278754,17/08/2026,0,מחלה
000278754,18/08/2026,8,עבודה
000278754,19/08/2026,8.5,עבודה
000278754,20/08/2026,7.75,עבודה
000278754,23/08/2026,8.5,עבודה
000278754,24/08/2026,8,עבודה
000278754,25/08/2026,7.75,עבודה
000278754,26/08/2026,8.25,עבודה
000278754,27/08/2026,8.5,עבודה
000278754,30/08/2026,9,עבודה
000278754,31/08/2026,9.5,עבודה
000278754,01/09/2026,8,עבודה
000278754,02/09/2026,8.5,עבודה
000278754,03/09/2026,7.75,עבודה
000278754,06/09/2026,7.5,עבודה
000278754,07/09/2026,8.75,עבודה
000278754,08/09/2026,8.75,עבודה
000278754,09/09/2026,9,עבודה
000278754,10/09/2026,9,עבודה
000278754,13/09/2026,8.75,עבודה
000278754,14/09/2026,7.75,עבודה
000278754,15/09/2026,9,עבודה
000278754,16/09/2026,8,עבודה
000278754,17/09/2026,7.5,עבודה
000278754,20/09/2026,7.5,עבודה
000278754,21/09/2026,8.75,עבודה
000278754,22/09/2026,7.5,עבודה
000170985,18/05/2026,8.75,עבודה
000170985,19/05/2026,7.5,עבודה
000170985,20/05/2026,9,עבודה
000170985,21/05/2026,8.75,עבודה
000170985,24/05/2026,8.25,עבודה
000170985,25/05/2026,7.5,עבודה
000170985,26/05/2026,7.75,עבודה
000170985,27/05/2026,7.75,עבודה
000170985,28/05/2026,8,עבודה
000170985,31/05/2026,7.5,עבודה
000170985,01/06/2026,8.25,עבודה
000170985,02/06/2026,8,עבודה
000170985,03/06/2026,8,עבודה
000170985,04/06/2026,8,עבודה
000170985,07/06/2026,9.25,עבודה
000170985,08/06/2026,7.5,עבודה
000170985,09/06/2026,8.5,עבודה
000170985,10/06/2026,8.75,עבודה
000170985,11/06/2026,8.75,עבודה
000170985,14/06/2026,9.5,עבודה
000170985,15/06/2026,7.75,עבודה
000170985,16/06/2026,8.25,עבודה
000170985,17/06/2026,8,עבודה
000170985,18/06/2026,9.25,עבודה
000170985,21/06/2026,8,עבודה
000170985,22/06/2026,8.5,עבודה
000170985,23/06/2026,9.25,עבודה
000170985,24/06/2026,8.25,עבודה
000170985,25/06/2026,9.25,עבודה
000170985,28/06/2026,9,עבודה
000170985,29/06/2026,8.25,עבודה
000170985,30/06/2026,7.5,עבודה
000170985,01/07/2026,0,מחלה
000170985,02/07/2026,8,עבודה
000170985,05/07/2026,8.75,עבודה
000170985,06/07/2026,8,עבודה
000170985,07/07/2026,7.75,עבודה
000170985,08/07/2026,7.5,עבודה
000170985,09/07/2026,8,עבודה
000170985,12/07/2026,8.5,עבודה
000170985,13/07/2026,9.5,עבודה
000170985,14/07/2026,9.25,עבודה
000170985,15/07/2026,8.25,עבודה
000170985,16/07/2026,8.25,עבודה
000170985,19/07/2026,0,חופשה
000170985,20/07/2026,7.5,עבודה
000170985,21/07/2026,0,חופשה
000170985,22/07/2026,7.5,עבודה
000170985,23/07/2026,9.5,עבודה
000170985,26/07/2026,9,עבודה
000170985,27/07/2026,8,עבודה
000170985,28/07/2026,7.5,עבודה
000170985,29/07/2026,8,עבודה
000170985,30/07/2026,7.5,עבודה
000170985,02/08/2026,8.25,עבודה
000170985,03/08/2026,9,עבודה
000170985,04/08/2026,8,עבודה
000170985,05/08/2026,8.5,עבודה
000170985,06/08/2026,9,עבודה
000170985,09/08/2026,8.25,עבודה
000170985,10/08/2026,9,עבודה
000170985,11/08/2026,8.25,עבודה
000170985,12/08/2026,7.5,עבודה
000170985,13/08/2026,8.75,עבודה
000170985,16/08/2026,9,עבודה
000170985,17/08/2026,8.5,עבודה
000170985,18/08/2026,7.75,עבודה
000170985,19/08/2026,0,מחלה
000170985,20/08/2026,8.5,עבודה
000170985,23/08/2026,8,עבודה
000170985,24/08/2026,7.75,עבודה
000170985,25/08/2026,8.75,עבודה
000170985,26/08/2026,7.75,עבודה
000170985,27/08/2026,8.25,עבודה
000170985,30/08/2026,9.25,עבודה
000170985,31/08/2026,8.75,עבודה
000170985,01/09/2026,9.25,עבודה
000170985,02/09/2026,8,עבודה
000170985,03/09/2026,9.25,עבודה
000170985,06/09/2026,9.25,עבודה
000170985,07/09/2026,9,עבודה
000170985,08/09/2026,8.75,עבודה
000170985,09/09/2026,8.75,עבודה
000170985,10/09/2026,8.25,עבודה
000170985,13/09/2026,0,מחלה
000170985,14/09/2026,9.25,עבודה
000170985,15/09/2026,8,עבודה
000170985,16/09/2026,8.5,עבודה
000170985,17/09/2026,8.75,עבודה
000170985,20/09/2026,0,חופשה
000170985,21/09/2026,0,חופשה
000170985,22/09/2026,9.25,עבודה
000689810,20/05/2026,8.5,עבודה
000689810,21/05/2026,9.5,עבודה
000689810,24/05/2026,9.25,עבודה
000689810,25/05/2026,8.25,עבודה
000689810,26/05/2026,8.25,עבודה
000689810,27/05/2026,7.5,עבודה
000689810,28/05/2026,8.25,עבודה
000689810,31/05/2026,8.25,עבודה
000689810,01/06/2026,8.75,עבודה
000689810,02/06/2026,9.25,עבודה
000689810,03/06/2026,9.5,עבודה
000689810,04/06/2026,9.5,עבודה
000689810,07/06/2026,8.75,עבודה
000689810,08/06/2026,8.5,עבודה
000689810,09/06/2026,7.75,עבודה
000689810,10/06/2026,8.5,עבודה
000689810,11/06/2026,9.5,עבודה
000689810,14/06/2026,7.5,עבודה
000689810,15/06/2026,8,עבודה
000689810,16/06/2026,8,עבודה
000689810,17/06/2026,9.25,עבודה
000689810,18/06/2026,8,עבודה
000689810,21/06/2026,0,חופשה
000689810,22/06/2026,8.5,עבודה
000689810,23/06/2026,9.5,עבודה
000689810,24/06/2026,8,עבודה
000689810,25/06/2026,8,עבודה
000689810,28/06/2026,9,עבודה
000689810,29/06/2026,8.25,עבודה
000689810,30/06/2026,8.5,עבודה
000689810,01/07/2026,7.75,עבודה
000689810,02/07/2026,8,עבודה
000689810,05/07/2026,7.75,עבודה
000689810,06/07/2026,8.5,עבודה
000689810,07/07/2026,8.5,עבודה
000689810,08/07/2026,8.75,עבודה
000689810,09/07/2026,8.25,עבודה
000689810,12/07/2026,8.5,עבודה
000689810,13/07/2026,7.5,עבודה
000689810,14/07/2026,9.5,עבודה
000689810,15/07/2026,7.75,עבודה
000689810,16/07/2026,8.75,עבודה
000689810,19/07/2026,9.25,עבודה
000689810,20/07/2026,0,מחלה
000689810,21/07/2026,7.5,עבודה
000689810,22/07/2026,8.75,עבודה
000689810,23/07/2026,9,עבודה
000689810,26/07/2026,9,עבודה
000689810,27/07/2026,8,עבודה
000689810,28/07/2026,7.75,עבודה
000689810,29/07/2026,9,עבודה
000689810,30/07/2026,9.5,עבודה
000689810,02/08/2026,9.25,עבודה
000689810,03/08/2026,8.75,עבודה
000689810,04/08/2026,7.5,עבודה
000689810,05/08/2026,8.25,עבודה
000689810,06/08/2026,8.5,עבודה
000689810,09/08/2026,9,עבודה
000689810,10/08/2026,7.75,עבודה
000689810,11/08/2026,8,עבודה
000689810,12/08/2026,7.5,עבודה
000689810,13/08/2026,0,חופשה
000689810,16/08/2026,8,עבודה
000689810,17/08/2026,8.5,עבודה
000689810,18/08/2026,9.25,עבודה
000689810,19/08/2026,7.75,עבודה
000689810,20/08/2026,8.75,עבודה
000689810,23/08/2026,8.75,עבודה
000689810,24/08/2026,8.75,עבודה
000689810,25/08/2026,9,עבודה
000689810,26/08/2026,8.25,עבודה
000689810,27/08/2026,8,עבודה
000689810,30/08/2026,7.5,עבודה
000689810,31/08/2026,8.25,עבודה
000689810,01/09/2026,0,מחלה
000689810,02/09/2026,9.5,עבודה
000689810,03/09/2026,7.5,עבודה
000689810,06/09/2026,8.5,עבודה
000689810,07/09/2026,7.75,עבודה
000689810,08/09/2026,9,עבודה
000689810,09/09/2026,8.25,עבודה
000689810,10/09/2026,9,עבודה
000689810,13/09/2026,8,עבודה
000689810,14/09/2026,9,עבודה
000689810,15/09/2026,8.5,עבודה
000689810,16/09/2026,9,עבודה
000689810,17/09/2026,8,עבודה
000689810,20/09/2026,9,עבודה
000689810,21/09/2026,8.75,עבודה
000689810,22/09/2026,9.25,עבודה
000512277,09/04/2026,8.25,עבודה
000512277,12/04/2026,8.75,עבודה
000512277,13/04/2026,9.5,עבודה
000512277,14/04/2026,8.25,עבודה
000512277,15/04/2026,9.25,עבודה
000512277,16/04/2026,7.75,עבודה
000512277,19/04/2026,7.5,עבודה
000512277,20/04/2026,7.5,עבודה
000512277,21/04/2026,8.75,עבודה
000512277,22/04/2026,9.25,עבודה
000512277,23/04/2026,8.25,עבודה
000512277,26/04/2026,9.25,עבודה
000512277,27/04/2026,9,עבודה
000512277,28/04/2026,9,עבודה
000512277,29/04/2026,8.25,עבודה
000512277,30/04/2026,8.5,עבודה
000512277,03/05/2026,8.25,עבודה
000512277,04/05/2026,9.5,עבודה
000512277,05/05/2026,8.25,עבודה
000512277,06/05/2026,0,מחלה
000512277,07/05/2026,8.5,עבודה
000512277,10/05/2026,7.5,עבודה
000512277,11/05/2026,8,עבודה
000512277,12/05/2026,8,עבודה
000512277,13/05/2026,8.25,עבודה
000512277,14/05/2026,9,עבודה
000512277,17/05/2026,7.75,עבודה
000512277,18/05/2026,8.75,עבודה
000512277,19/05/2026,8.5,עבודה
000512277,20/05/2026,9.25,עבודה
000512277,21/05/2026,7.75,עבודה
000512277,24/05/2026,7.75,עבודה
000512277,25/05/2026,9.25,עבודה
000512277,26/05/2026,9.25,עבודה
000512277,27/05/2026,8.25,עבודה
000512277,28/05/2026,9.25,עבודה
000512277,31/05/2026,8.75,עבודה
000512277,01/06/2026,8.25,עבודה
000512277,02/06/2026,8,עבודה
000512277,03/06/2026,8.75,עבודה
000512277,04/06/2026,8.75,עבודה
000512277,07/06/2026,8.25,עבודה
000512277,08/06/2026,9,עבודה
000512277,09/06/2026,0,חופשה
000512277,10/06/2026,8.5,עבודה
000512277,11/06/2026,8.5,עבודה
000512277,14/06/2026,8.75,עבודה
000512277,15/06/2026,8,עבודה
000512277,16/06/2026,9.5,עבודה
000512277,17/06/2026,0,חופשה
000512277,18/06/2026,9,עבודה
000512277,21/06/2026,7.75,עבודה
000512277,22/06/2026,7.5,עבודה
000512277,23/06/2026,8.75,עבודה
000512277,24/06/2026,8,עבודה
000512277,25/06/2026,8.25,עבודה
000512277,28/06/2026,9.25,עבודה
000512277,29/06/2026,9.5,עבודה
000512277,30/06/2026,7.75,עבודה
000512277,01/07/2026,8,עבודה
000512277,02/07/2026,7.75,עבודה
000512277,05/07/2026,8,עבודה
000512277,06/07/2026,9,עבודה
000512277,07/07/2026,8,עבודה
000512277,08/07/2026,9,עבודה
000512277,09/07/2026,9.25,עבודה
000512277,12/07/2026,7.75,עבודה
000512277,13/07/2026,0,מחלה
000512277,14/07/2026,9.5,עבודה
000512277,15/07/2026,9.25,עבודה
000512277,16/07/2026,8.75,עבודה
000512277,19/07/2026,7.75,עבודה
000512277,20/07/2026,9.25,עבודה
000512277,21/07/2026,8,עבודה
000512277,22/07/2026,7.75,עבודה
000512277,23/07/2026,7.75,עבודה
000512277,26/07/2026,8,עבודה
000512277,27/07/2026,8.75,עבודה
000512277,28/07/2026,9.25,עבודה
000512277,29/07/2026,9,עבודה
000512277,30/07/2026,0,מחלה
000512277,02/08/2026,8.5,עבודה
000512277,03/08/2026,9,עבודה
000512277,04/08/2026,0,חופשה
000512277,05/08/2026,7.5,עבודה
000512277,06/08/2026,9.25,עבודה
000512277,09/08/2026,7.5,עבודה
000512277,10/08/2026,8.25,עבודה
000512277,11/08/2026,8.75,עבודה
000512277,12/08/2026,9.25,עבודה
000512277,13/08/2026,8.5,עבודה
000512277,16/08/2026,8.5,עבודה
000512277,17/08/2026,7.5,עבודה
000512277,18/08/2026,8.75,עבודה
000512277,19/08/2026,8.75,עבודה
000512277,20/08/2026,8.5,עבודה
000512277,23/08/2026,8.75,עבודה
000512277,24/08/2026,9,עבודה
000512277,25/08/2026,8.25,עבודה
000512277,26/08/2026,0,חופשה
000512277,27/08/2026,8.5,עבודה
000512277,30/08/2026,7.75,עבודה
000512277,31/08/2026,0,מחלה
000512277,01/09/2026,9,עבודה
000512277,02/09/2026,8.75,עבודה
000512277,03/09/2026,9,עבודה
000512277,06/09/2026,7.75,עבודה
000512277,07/09/2026,7.75,עבודה
000512277,08/09/2026,9.25,עבודה
000512277,09/09/2026,8.75,עבודה
000512277,10/09/2026,0,חופשה
000512277,13/09/2026,9.25,עבודה
000512277,14/09/2026,9.25,עבודה
000512277,15/09/2026,0,מחלה
000512277,16/09/2026,9.25,עבודה
000512277,17/09/2026,8,עבודה
000512277,20/09/2026,9.25,עבודה
000512277,21/09/2026,8.75,עבודה
000512277,22/09/2026,8.75,עבודה
000499376,09/04/2026,9.25,עבודה
000499376,12/04/2026,8,עבודה
000499376,13/04/2026,8,עבודה
000499376,14/04/2026,9.25,עבודה
000499376,15/04/2026,9.25,עבודה
000499376,16/04/2026,0,מחלה
000499376,19/04/2026,7.5,עבודה
000499376,20/04/2026,9.5,עבודה
000499376,21/04/2026,8.5,עבודה
000499376,22/04/2026,8.5,עבודה
000499376,23/04/2026,9.25,עבודה
000499376,26/04/2026,8.25,עבודה
000499376,27/04/2026,8,עבודה
000499376,28/04/2026,8.75,עבודה
000499376,29/04/2026,9.25,עבודה
000499376,30/04/2026,8.5,עבודה
000499376,03/05/2026,7.75,עבודה
000499376,04/05/2026,7.5,עבודה
000499376,05/05/2026,8.5,עבודה
000499376,06/05/2026,8.5,עבודה
000499376,07/05/2026,7.5,עבודה
000499376,10/05/2026,7.75,עבודה
000499376,11/05/2026,8,עבודה
000499376,12/05/2026,8.5,עבודה
000499376,13/05/2026,9,עבודה
000499376,14/05/2026,9,עבודה
000499376,17/05/2026,9.25,עבודה
000499376,18/05/2026,8,עבודה
000499376,19/05/2026,8.25,עבודה
000499376,20/05/2026,7.5,עבודה
000499376,21/05/2026,0,חופשה
000499376,24/05/2026,9,עבודה
000499376,25/05/2026,0,חופשה
000499376,26/05/2026,8.5,עבודה
000499376,27/05/2026,8.5,עבודה
000499376,28/05/2026,9.25,עבודה
000499376,31/05/2026,9.25,עבודה
000499376,01/06/2026,8.75,עבודה
000499376,02/06/2026,8.75,עבודה
000499376,03/06/2026,8.5,עבודה
000499376,04/06/2026,8.25,עבודה
000499376,07/06/2026,8.75,עבודה
000499376,08/06/2026,7.5,עבודה
000499376,09/06/2026,8,עבודה
000499376,10/06/2026,9,עבודה
000499376,11/06/2026,8.5,עבודה
000499376,14/06/2026,7.75,עבודה
000499376,15/06/2026,8.75,עבודה
000499376,16/06/2026,9,עבודה
000499376,17/06/2026,9,עבודה
000499376,18/06/2026,9.5,עבודה
000499376,21/06/2026,7.75,עבודה
000499376,22/06/2026,8.5,עבודה
000499376,23/06/2026,9,עבודה
000499376,24/06/2026,9,עבודה
000499376,25/06/2026,7.75,עבודה
000499376,28/06/2026,8.75,עבודה
000499376,29/06/2026,9.5,עבודה
000499376,30/06/2026,8.25,עבודה
000499376,01/07/2026,9,עבודה
000499376,02/07/2026,8,עבודה
000393553,20/04/2026,0,חופשה
000393553,21/04/2026,8.75,עבודה
000393553,22/04/2026,8.75,עבודה
000393553,23/04/2026,8.25,עבודה
000393553,26/04/2026,8.5,עבודה
000393553,27/04/2026,8,עבודה
000393553,28/04/2026,8.25,עבודה
000393553,29/04/2026,8,עבודה
000393553,30/04/2026,7.75,עבודה
000393553,03/05/2026,8.5,עבודה
000393553,04/05/2026,8.5,עבודה
000393553,05/05/2026,9.5,עבודה
000393553,06/05/2026,8.5,עבודה
000393553,07/05/2026,9.25,עבודה
000393553,10/05/2026,8.5,עבודה
000393553,11/05/2026,8.25,עבודה
000393553,12/05/2026,9,עבודה
000393553,13/05/2026,8.25,עבודה
000393553,14/05/2026,9,עבודה
000393553,17/05/2026,0,מחלה
000393553,18/05/2026,9.5,עבודה
000393553,19/05/2026,9.25,עבודה
000393553,20/05/2026,9,עבודה
000393553,21/05/2026,8.5,עבודה
000393553,24/05/2026,9,עבודה
000393553,25/05/2026,7.75,עבודה
000393553,26/05/2026,7.75,עבודה
000393553,27/05/2026,8.5,עבודה
000393553,28/05/2026,8.25,עבודה
000393553,31/05/2026,8.75,עבודה
000393553,01/06/2026,7.75,עבודה
000393553,02/06/2026,8.25,עבודה
000393553,03/06/2026,9,עבודה
000393553,04/06/2026,8.25,עבודה
000393553,07/06/2026,8.5,עבודה
000393553,08/06/2026,9.25,עבודה
000393553,09/06/2026,7.5,עבודה
000393553,10/06/2026,8.75,עבודה
000393553,11/06/2026,8.75,עבודה
000393553,14/06/2026,7.75,עבודה
000393553,15/06/2026,9.5,עבודה
000393553,16/06/2026,7.75,עבודה
000393553,17/06/2026,8.5,עבודה
000393553,18/06/2026,7.75,עבודה
000393553,21/06/2026,0,חופשה
000393553,22/06/2026,8.5,עבודה
000393553,23/06/2026,9,עבודה
000393553,24/06/2026,7.75,עבודה
000393553,25/06/2026,7.5,עבודה
000393553,28/06/2026,0,מחלה
000393553,29/06/2026,0,חופשה
000393553,30/06/2026,0,מחלה
000393553,01/07/2026,8.75,עבודה
000393553,02/07/2026,7.75,עבודה
000393553,05/07/2026,8.75,עבודה
000393553,06/07/2026,9.5,עבודה
000393553,07/07/2026,8,עבודה
000393553,08/07/2026,9,עבודה
000393553,09/07/2026,8.25,עבודה
000393553,12/07/2026,9.25,עבודה
000393553,13/07/2026,9.25,עבודה
000393553,14/07/2026,8.25,עבודה
000393553,15/07/2026,8.5,עבודה
000393553,16/07/2026,8.25,עבודה
000393553,19/07/2026,8,עבודה
000218552,07/04/2026,0,חופשה
000218552,08/04/2026,9,עבודה
000218552,09/04/2026,9.25,עבודה
000218552,12/04/2026,9,עבודה
000218552,13/04/2026,8,עבודה
000218552,14/04/2026,8,עבודה
000218552,15/04/2026,8,עבודה
000218552,16/04/2026,8.75,עבודה
000218552,19/04/2026,9,עבודה
000218552,20/04/2026,8.5,עבודה
000218552,21/04/2026,8,עבודה
000218552,22/04/2026,8.25,עבודה
000218552,23/04/2026,8.75,עבודה
000218552,26/04/2026,8.5,עבודה
000218552,27/04/2026,9.5,עבודה
000218552,28/04/2026,8.25,עבודה
000218552,29/04/2026,8,עבודה
000218552,30/04/2026,8.75,עבודה
000218552,03/05/2026,8.5,עבודה
000218552,04/05/2026,8.5,עבודה
000218552,05/05/2026,7.75,עבודה
000218552,06/05/2026,9.25,עבודה
000218552,07/05/2026,8.75,עבודה
000218552,10/05/2026,8,עבודה
000218552,11/05/2026,0,מחלה
000218552,12/05/2026,9,עבודה
000218552,13/05/2026,7.5,עבודה
000218552,14/05/2026,9,עבודה
000218552,17/05/2026,8.75,עבודה
000218552,18/05/2026,8.75,עבודה
000218552,19/05/2026,8,עבודה
000218552,20/05/2026,8.75,עבודה
000218552,21/05/2026,9.25,עבודה
000218552,24/05/2026,8.5,עבודה
000218552,25/05/2026,9.5,עבודה
000218552,26/05/2026,7.75,עבודה
000218552,27/05/2026,9.25,עבודה
000218552,28/05/2026,8.25,עבודה
000218552,31/05/2026,8,עבודה
000218552,01/06/2026,8.75,עבודה
000218552,02/06/2026,8,עבודה
000218552,03/06/2026,8.5,עבודה
000218552,04/06/2026,8,עבודה
000218552,07/06/2026,8.25,עבודה
000218552,08/06/2026,8.5,עבודה
000218552,09/06/2026,9.5,עבודה
000218552,10/06/2026,9.25,עבודה
000218552,11/06/2026,8,עבודה
000218552,14/06/2026,8.5,עבודה
000218552,15/06/2026,9.5,עבודה
000218552,16/06/2026,7.75,עבודה
000253153,09/03/2026,0,מחלה
000253153,10/03/2026,9.25,עבודה
000253153,11/03/2026,8.25,עבודה
000253153,12/03/2026,0,מחלה
000253153,15/03/2026,8.75,עבודה
000253153,16/03/2026,9,עבודה
000253153,17/03/2026,9,עבודה
000253153,18/03/2026,8.75,עבודה
000253153,19/03/2026,8.5,עבודה
000253153,22/03/2026,0,חופשה
000253153,23/03/2026,8.75,עבודה
000253153,24/03/2026,8.75,עבודה
000253153,25/03/2026,7.75,עבודה
000253153,26/03/2026,0,חופשה
000253153,29/03/2026,8.5,עבודה
000253153,30/03/2026,9,עבודה
000253153,31/03/2026,9.5,עבודה
000253153,01/04/2026,8.75,עבודה
000253153,02/04/2026,8.5,עבודה
000253153,05/04/2026,8,עבודה
000253153,06/04/2026,8,עבודה
000253153,07/04/2026,8.75,עבודה
000253153,08/04/2026,8.25,עבודה
000253153,09/04/2026,8.25,עבודה
000253153,12/04/2026,8.5,עבודה
000253153,13/04/2026,9,עבודה
000253153,14/04/2026,9,עבודה
000253153,15/04/2026,8.25,עבודה
000253153,16/04/2026,8.5,עבודה
000253153,19/04/2026,0,מחלה
000253153,20/04/2026,8.5,עבודה
000253153,21/04/2026,7.5,עבודה
000253153,22/04/2026,7.75,עבודה
000253153,23/04/2026,0,מחלה
000253153,26/04/2026,8.25,עבודה
000253153,27/04/2026,8.5,עבודה
000253153,28/04/2026,8,עבודה
000253153,29/04/2026,9,עבודה
000253153,30/04/2026,9,עבודה
000253153,03/05/2026,9.5,עבודה
000253153,04/05/2026,8.25,עבודה
000253153,05/05/2026,9.25,עבודה
000253153,06/05/2026,8.75,עבודה
000253153,07/05/2026,8,עבודה
000253153,10/05/2026,8,עבודה
000253153,11/05/2026,8.25,עבודה
000253153,12/05/2026,0,מחלה
000253153,13/05/2026,8.25,עבודה
000253153,14/05/2026,9,עבודה
000253153,17/05/2026,7.75,עבודה
000253153,18/05/2026,8.5,עבודה
000253153,19/05/2026,9.25,עבודה
000253153,20/05/2026,8.25,עבודה
000253153,21/05/2026,8.75,עבודה
000253153,24/05/2026,9.25,עבודה
000253153,25/05/2026,9.25,עבודה
000253153,26/05/2026,7.75,עבודה
000253153,27/05/2026,7.75,עבודה
000253153,28/05/2026,7.5,עבודה
000253153,31/05/2026,9.5,עבודה
000253153,01/06/2026,8.25,עבודה
000253153,02/06/2026,9,עבודה
000253153,03/06/2026,8.75,עבודה
000253153,04/06/2026,8.25,עבודה
000253153,07/06/2026,9.25,עבודה
000253153,08/06/2026,7.75,עבודה
000253153,09/06/2026,8.75,עבודה
000253153,10/06/2026,8.5,עבודה
000253153,11/06/2026,8.5,עבודה
000253153,14/06/2026,8.25,עבודה
000253153,15/06/2026,0,חופשה
000253153,16/06/2026,9,עבודה
000253153,17/06/2026,8.75,עבודה
000253153,18/06/2026,8.25,עבודה
000253153,21/06/2026,8.5,עבודה
000253153,22/06/2026,9,עבודה
000253153,23/06/2026,7.5,עבודה
000253153,24/06/2026,9.25,עבודה
000253153,25/06/2026,0,חופשה
000253153,28/06/2026,8.25,עבודה
000253153,29/06/2026,9.25,עבודה
000253153,30/06/2026,8.25,עבודה
000253153,01/07/2026,9.25,עבודה
000253153,02/07/2026,8.5,עבודה
000253153,05/07/2026,9,עבודה
000253153,06/07/2026,7.75,עבודה
000253153,07/07/2026,8,עבודה
000253153,08/07/2026,8,עבודה
000253153,09/07/2026,8,עבודה
000253153,12/07/2026,8.5,עבודה
000253153,13/07/2026,8.75,עבודה
000253153,14/07/2026,8.25,עבודה
000253153,15/07/2026,8.5,עבודה
000253153,16/07/2026,8.5,עבודה
000253153,19/07/2026,0,חופשה
000253153,20/07/2026,9,עבודה
000253153,21/07/2026,9.25,עבודה
000253153,22/07/2026,9,עבודה
000253153,23/07/2026,8.75,עבודה
000253153,26/07/2026,7.75,עבודה
000253153,27/07/2026,7.5,עבודה
000253153,28/07/2026,9.5,עבודה
000253153,29/07/2026,9.25,עבודה
000253153,30/07/2026,8,עבודה
000253153,02/08/2026,8.25,עבודה
000253153,03/08/2026,9,עבודה
000253153,04/08/2026,8.5,עבודה
000253153,05/08/2026,8,עבודה
000253153,06/08/2026,0,חופשה
000253153,09/08/2026,8.5,עבודה
000253153,10/08/2026,8.5,עבודה
000253153,11/08/2026,9.25,עבודה
000253153,12/08/2026,9.25,עבודה
000253153,13/08/2026,8.5,עבודה
000253153,16/08/2026,9.25,עבודה
000253153,17/08/2026,8.5,עבודה
000253153,18/08/2026,8,עבודה
000253153,19/08/2026,8.5,עבודה
000253153,20/08/2026,9.5,עבודה
000253153,23/08/2026,8.5,עבודה
000253153,24/08/2026,8.75,עבודה
000253153,25/08/2026,8.75,עבודה
000253153,26/08/2026,8,עבודה
000253153,27/08/2026,8,עבודה
000253153,30/08/2026,8.75,עבודה
000253153,31/08/2026,9,עבודה
000253153,01/09/2026,7.75,עבודה
000253153,02/09/2026,8.75,עבודה
000253153,03/09/2026,7.75,עבודה
000253153,06/09/2026,7.75,עבודה
000253153,07/09/2026,8.25,עבודה
000253153,08/09/2026,0,חופשה
000253153,09/09/2026,7.75,עבודה
000253153,10/09/2026,7.75,עבודה
000253153,13/09/2026,8.25,עבודה
000253153,14/09/2026,9,עבודה
000253153,15/09/2026,8.25,עבודה
000253153,16/09/2026,7.5,עבודה
000253153,17/09/2026,8.25,עבודה
000253153,20/09/2026,0,מחלה
000253153,21/09/2026,8,עבודה
000253153,22/09/2026,9,עבודה
000388801,18/03/2026,7.5,עבודה
000388801,19/03/2026,9,עבודה
000388801,22/03/2026,8,עבודה
000388801,23/03/2026,0,מחלה
000388801,24/03/2026,9,עבודה
000388801,25/03/2026,9.25,עבודה
000388801,26/03/2026,8.25,עבודה
000388801,29/03/2026,7.75,עבודה
000388801,30/03/2026,8,עבודה
000388801,31/03/2026,8.25,עבודה
000388801,01/04/2026,8,עבודה
000388801,02/04/2026,8,עבודה
000388801,05/04/2026,8,עבודה
000388801,06/04/2026,7.75,עבודה
000388801,07/04/2026,8,עבודה
000388801,08/04/2026,8.75,עבודה
000388801,09/04/2026,7.5,עבודה
000388801,12/04/2026,8.25,עבודה
000388801,13/04/2026,8.25,עבודה
000388801,14/04/2026,8.5,עבודה
000388801,15/04/2026,7.75,עבודה
000388801,16/04/2026,9.25,עבודה
000388801,19/04/2026,9,עבודה
000388801,20/04/2026,8,עבודה
000388801,21/04/2026,8,עבודה
000388801,22/04/2026,8,עבודה
000388801,23/04/2026,9.5,עבודה
000388801,26/04/2026,8.25,עבודה
000388801,27/04/2026,9,עבודה
000388801,28/04/2026,8.5,עבודה
000388801,29/04/2026,7.75,עבודה
000388801,30/04/2026,7.75,עבודה
000388801,03/05/2026,9,עבודה
000388801,04/05/2026,8.25,עבודה
000388801,05/05/2026,7.75,עבודה
000388801,06/05/2026,9,עבודה
000388801,07/05/2026,8.75,עבודה
000388801,10/05/2026,8,עבודה
000388801,11/05/2026,7.75,עבודה
000388801,12/05/2026,8.75,עבודה
000388801,13/05/2026,8,עבודה
000388801,14/05/2026,8.5,עבודה
000388801,17/05/2026,8.75,עבודה
000388801,18/05/2026,8.5,עבודה
000388801,19/05/2026,8.5,עבודה
000388801,20/05/2026,7.75,עבודה
000388801,21/05/2026,7.75,עבודה
000388801,24/05/2026,8.5,עבודה
000388801,25/05/2026,8.25,עבודה
000388801,26/05/2026,0,חופשה
000388801,27/05/2026,8,עבודה
000388801,28/05/2026,8.75,עבודה
000388801,31/05/2026,7.75,עבודה
000388801,01/06/2026,9,עבודה
000388801,02/06/2026,7.75,עבודה
000388801,03/06/2026,8.75,עבודה
000388801,04/06/2026,8.25,עבודה
000388801,07/06/2026,7.75,עבודה
000388801,08/06/2026,8,עבודה
000388801,09/06/2026,9.25,עבודה
000388801,10/06/2026,8,עבודה
000388801,11/06/2026,0,חופשה
000388801,14/06/2026,7.5,עבודה
000388801,15/06/2026,7.5,עבודה
000388801,16/06/2026,8.5,עבודה
000388801,17/06/2026,8.25,עבודה
000388801,18/06/2026,8.25,עבודה
000388801,21/06/2026,0,מחלה
000388801,22/06/2026,8,עבודה
000388801,23/06/2026,0,מחלה
000388801,24/06/2026,8.75,עבודה
000388801,25/06/2026,7.5,עבודה
000388801,28/06/2026,7.5,עבודה
000388801,29/06/2026,8.75,עבודה
000388801,30/06/2026,9,עבודה
000388801,01/07/2026,8.75,עבודה
000388801,02/07/2026,8.5,עבודה
000388801,05/07/2026,9.25,עבודה
000388801,06/07/2026,9,עבודה
000388801,07/07/2026,8,עבודה
000388801,08/07/2026,8.75,עבודה
000388801,09/07/2026,7.75,עבודה
000388801,12/07/2026,8,עבודה
000388801,13/07/2026,9.25,עבודה
000388801,14/07/2026,0,מחלה
000388801,15/07/2026,8.75,עבודה
000388801,16/07/2026,0,חופשה
000388801,19/07/2026,7.75,עבודה
000388801,20/07/2026,8.75,עבודה
000388801,21/07/2026,9.25,עבודה
000388801,22/07/2026,7.75,עבודה
000388801,23/07/2026,8.75,עבודה
000388801,26/07/2026,9,עבודה
000388801,27/07/2026,7.5,עבודה
000388801,28/07/2026,8.75,עבודה
000388801,29/07/2026,0,מחלה
000388801,30/07/2026,9.5,עבודה
000388801,02/08/2026,8.25,עבודה
000388801,03/08/2026,9.5,עבודה
000388801,04/08/2026,7.75,עבודה
000388801,05/08/2026,8.25,עבודה
000388801,06/08/2026,9,עבודה
000388801,09/08/2026,8.5,עבודה
000388801,10/08/2026,7.75,עבודה
000388801,11/08/2026,8,עבודה
000388801,12/08/2026,7.75,עבודה
000388801,13/08/2026,8.25,עבודה
000388801,16/08/2026,8,עבודה
000388801,17/08/2026,8.5,עבודה
000388801,18/08/2026,8.25,עבודה
000388801,19/08/2026,9.25,עבודה
000388801,20/08/2026,8.75,עבודה
000388801,23/08/2026,9,עבודה
000388801,24/08/2026,8.25,עבודה
000388801,25/08/2026,8.75,עבודה
000388801,26/08/2026,7.75,עבודה
000388801,27/08/2026,8.5,עבודה
000388801,30/08/2026,8.5,עבודה
000388801,31/08/2026,8.25,עבודה
000388801,01/09/2026,7.75,עבודה
000388801,02/09/2026,8.75,עבודה
000388801,03/09/2026,9,עבודה
000388801,06/09/2026,8.5,עבודה
000388801,07/09/2026,7.75,עבודה
000388801,08/09/2026,7.75,עבודה
000388801,09/09/2026,8.75,עבודה
000388801,10/09/2026,8.5,עבודה
000388801,13/09/2026,8.5,עבודה
000388801,14/09/2026,7.75,עבודה
000388801,15/09/2026,9,עבודה
000388801,16/09/2026,0,חופשה
000388801,17/09/2026,9.25,עבודה
000388801,20/09/2026,7.5,עבודה
000388801,21/09/2026,9,עבודה
000388801,22/09/2026,8,עבודה
000958033,17/03/2026,9.25,עבודה
000958033,18/03/2026,9.25,עבודה
000958033,19/03/2026,8.75,עבודה
000958033,22/03/2026,8,עבודה
000958033,23/03/2026,9,עבודה
000958033,24/03/2026,8,עבודה
000958033,25/03/2026,7.75,עבודה
000958033,26/03/2026,9,עבודה
000958033,29/03/2026,9,עבודה
000958033,30/03/2026,9,עבודה
000958033,31/03/2026,9.25,עבודה
000958033,01/04/2026,8.5,עבודה
000958033,02/04/2026,8.25,עבודה
000958033,05/04/2026,9,עבודה
000958033,06/04/2026,0,חופשה
000958033,07/04/2026,9.25,עבודה
000958033,08/04/2026,9.5,עבודה
000958033,09/04/2026,8.75,עבודה
000958033,12/04/2026,8.75,עבודה
000958033,13/04/2026,8.25,עבודה
000958033,14/04/2026,9,עבודה
000958033,15/04/2026,8.5,עבודה
000958033,16/04/2026,9.5,עבודה
000958033,19/04/2026,0,חופשה
000958033,20/04/2026,8,עבודה
000958033,21/04/2026,8.25,עבודה
000958033,22/04/2026,7.75,עבודה
000958033,23/04/2026,0,חופשה
000958033,26/04/2026,7.75,עבודה
000958033,27/04/2026,8.75,עבודה
000958033,28/04/2026,8.5,עבודה
000958033,29/04/2026,8.25,עבודה
000958033,30/04/2026,8,עבודה
000958033,03/05/2026,9.25,עבודה
000958033,04/05/2026,8.25,עבודה
000958033,05/05/2026,0,מחלה
000958033,06/05/2026,7.75,עבודה
000958033,07/05/2026,7.75,עבודה
000958033,10/05/2026,9,עבודה
000958033,11/05/2026,8,עבודה
000958033,12/05/2026,9.5,עבודה
000958033,13/05/2026,8.25,עבודה
000958033,14/05/2026,9.25,עבודה
000958033,17/05/2026,8.75,עבודה
000958033,18/05/2026,9,עבודה
000958033,19/05/2026,0,מחלה
000958033,20/05/2026,8,עבודה
000958033,21/05/2026,9,עבודה
000958033,24/05/2026,9,עבודה
000958033,25/05/2026,9,עבודה
000958033,26/05/2026,9,עבודה
000958033,27/05/2026,8.5,עבודה
000958033,28/05/2026,8.75,עבודה
000958033,31/05/2026,9.25,עבודה
000958033,01/06/2026,8,עבודה
000958033,02/06/2026,9,עבודה
000958033,03/06/2026,8.5,עבודה
000958033,04/06/2026,8,עבודה
000958033,07/06/2026,8,עבודה
000958033,08/06/2026,9,עבודה
000958033,09/06/2026,9.25,עבודה
000958033,10/06/2026,8.25,עבודה
000958033,11/06/2026,8.25,עבודה
000958033,14/06/2026,9.25,עבודה
000958033,15/06/2026,8.25,עבודה
000958033,16/06/2026,8.5,עבודה
000958033,17/06/2026,9.5,עבודה
000958033,18/06/2026,8.5,עבודה
000958033,21/06/2026,8.25,עבודה
000958033,22/06/2026,9,עבודה
000958033,23/06/2026,7.75,עבודה
000958033,24/06/2026,0,חופשה
000958033,25/06/2026,8.25,עבודה
000958033,28/06/2026,9,עבודה
000958033,29/06/2026,0,מחלה
000958033,30/06/2026,9.25,עבודה
000958033,01/07/2026,0,חופשה
000958033,02/07/2026,8.75,עבודה
000958033,05/07/2026,8,עבודה
000958033,06/07/2026,7.75,עבודה
000958033,07/07/2026,8.25,עבודה
000958033,08/07/2026,0,מחלה
000958033,09/07/2026,9.25,עבודה
000958033,12/07/2026,9.5,עבודה
000958033,13/07/2026,0,חופשה
000958033,14/07/2026,8.5,עבודה
000958033,15/07/2026,9.5,עבודה
000958033,16/07/2026,9.25,עבודה
000958033,19/07/2026,8.25,עבודה
000958033,20/07/2026,7.5,עבודה
000958033,21/07/2026,9.25,עבודה
000958033,22/07/2026,7.75,עבודה
000958033,23/07/2026,8.75,עבודה
000958033,26/07/2026,8.5,עבודה
000958033,27/07/2026,8,עבודה
000958033,28/07/2026,9.25,עבודה
000958033,29/07/2026,9,עבודה
000958033,30/07/2026,8.25,עבודה
000958033,02/08/2026,9.5,עבודה
000958033,03/08/2026,9.25,עבודה
000958033,04/08/2026,8.5,עבודה
000958033,05/08/2026,0,מחלה
000958033,06/08/2026,9.5,עבודה
000958033,09/08/2026,8.5,עבודה
000958033,10/08/2026,9.5,עבודה
000958033,11/08/2026,0,מחלה
000958033,12/08/2026,8,עבודה
000958033,13/08/2026,8,עבודה
000958033,16/08/2026,8.75,עבודה
000958033,17/08/2026,8.5,עבודה
000958033,18/08/2026,8.5,עבודה
000958033,19/08/2026,8.25,עבודה
000958033,20/08/2026,8.75,עבודה
000958033,23/08/2026,8.5,עבודה
000958033,24/08/2026,8.75,עבודה
000958033,25/08/2026,0,מחלה
000958033,26/08/2026,7.5,עבודה
000958033,27/08/2026,8.25,עבודה
000958033,30/08/2026,8,עבודה
000958033,31/08/2026,9.25,עבודה
000958033,01/09/2026,7.75,עבודה
000958033,02/09/2026,7.75,עבודה
000958033,03/09/2026,8.75,עבודה
000958033,06/09/2026,8.5,עבודה
000958033,07/09/2026,9,עבודה
000958033,08/09/2026,9.25,עבודה
000958033,09/09/2026,8.5,עבודה
000958033,10/09/2026,9,עבודה
000958033,13/09/2026,8.75,עבודה
000958033,14/09/2026,8.25,עבודה
000958033,15/09/2026,9.25,עבודה
000958033,16/09/2026,9,עבודה
000958033,17/09/2026,7.5,עבודה
000958033,20/09/2026,7.75,עבודה
000958033,21/09/2026,9,עבודה
000958033,22/09/2026,7.5,עבודה
000236828,22/03/2026,9,עבודה
000236828,23/03/2026,8.5,עבודה
000236828,24/03/2026,8.75,עבודה
000236828,25/03/2026,9.5,עבודה
000236828,26/03/2026,8.5,עבודה
000236828,29/03/2026,9.5,עבודה
000236828,30/03/2026,7.75,עבודה
000236828,31/03/2026,8.75,עבודה
000236828,01/04/2026,8,עבודה
000236828,02/04/2026,0,חופשה
000236828,05/04/2026,8,עבודה
000236828,06/04/2026,9.25,עבודה
000236828,07/04/2026,8.5,עבודה
000236828,08/04/2026,0,מחלה
000236828,09/04/2026,7.75,עבודה
000236828,12/04/2026,0,מחלה
000236828,13/04/2026,8.75,עבודה
000236828,14/04/2026,9.5,עבודה
000236828,15/04/2026,9.25,עבודה
000236828,16/04/2026,7.75,עבודה
000236828,19/04/2026,8.5,עבודה
000236828,20/04/2026,9.25,עבודה
000236828,21/04/2026,8.25,עבודה
000236828,22/04/2026,8.25,עבודה
000236828,23/04/2026,0,חופשה
000236828,26/04/2026,8.25,עבודה
000236828,27/04/2026,9.5,עבודה
000236828,28/04/2026,8.75,עבודה
000236828,29/04/2026,8.25,עבודה
000236828,30/04/2026,8,עבודה
000236828,03/05/2026,8.5,עבודה
000236828,04/05/2026,0,חופשה
000236828,05/05/2026,8,עבודה
000236828,06/05/2026,9.25,עבודה
000236828,07/05/2026,9.25,עבודה
000236828,10/05/2026,7.5,עבודה
000236828,11/05/2026,8,עבודה
000236828,12/05/2026,0,חופשה
000236828,13/05/2026,7.75,עבודה
000236828,14/05/2026,7.75,עבודה
000236828,17/05/2026,8.75,עבודה
000236828,18/05/2026,8.25,עבודה
000236828,19/05/2026,0,חופשה
000236828,20/05/2026,8.25,עבודה
000236828,21/05/2026,9.5,עבודה
000236828,24/05/2026,0,מחלה
000236828,25/05/2026,7.5,עבודה
000236828,26/05/2026,8.75,עבודה
000236828,27/05/2026,8.5,עבודה
000236828,28/05/2026,9,עבודה
000236828,31/05/2026,9.25,עבודה
000236828,01/06/2026,9.5,עבודה
000236828,02/06/2026,8.25,עבודה
000236828,03/06/2026,8,עבודה
000236828,04/06/2026,7.5,עבודה
000236828,07/06/2026,7.75,עבודה
000236828,08/06/2026,9.5,עבודה
000236828,09/06/2026,7.5,עבודה
000236828,10/06/2026,9,עבודה
000236828,11/06/2026,8.5,עבודה
000236828,14/06/2026,8.75,עבודה
000236828,15/06/2026,8.25,עבודה
000236828,16/06/2026,9.25,עבודה
000236828,17/06/2026,9.25,עבודה
000236828,18/06/2026,0,חופשה
000236828,21/06/2026,8.25,עבודה
000236828,22/06/2026,9,עבודה
000236828,23/06/2026,8.75,עבודה
000236828,24/06/2026,8.5,עבודה
000236828,25/06/2026,7.5,עבודה
000236828,28/06/2026,9,עבודה
000236828,29/06/2026,8.5,עבודה
000236828,30/06/2026,9,עבודה
000236828,01/07/2026,8.5,עבודה
000236828,02/07/2026,8,עבודה
000236828,05/07/2026,7.5,עבודה
000236828,06/07/2026,8.75,עבודה
000236828,07/07/2026,8.25,עבודה
000236828,08/07/2026,8.75,עבודה
000236828,09/07/2026,7.75,עבודה
000236828,12/07/2026,7.75,עבודה
000236828,13/07/2026,7.75,עבודה
000236828,14/07/2026,8.75,עבודה
000236828,15/07/2026,8.25,עבודה
000236828,16/07/2026,8,עבודה
000236828,19/07/2026,8.5,עבודה
000236828,20/07/2026,9,עבודה
000236828,21/07/2026,9,עבודה
000236828,22/07/2026,7.75,עבודה
000236828,23/07/2026,8.75,עבודה
000236828,26/07/2026,8.25,עבודה
000236828,27/07/2026,8.75,עבודה
000236828,28/07/2026,8.5,עבודה
000236828,29/07/2026,7.75,עבודה
000236828,30/07/2026,8.25,עבודה
000236828,02/08/2026,8,עבודה
000236828,03/08/2026,8.75,עבודה
000236828,04/08/2026,9.25,עבודה
000236828,05/08/2026,8.75,עבודה
000236828,06/08/2026,8.75,עבודה
000236828,09/08/2026,8.75,עבודה
000236828,10/08/2026,8.5,עבודה
000236828,11/08/2026,8.75,עבודה
000236828,12/08/2026,9.25,עבודה
000236828,13/08/2026,9.5,עבודה
000236828,16/08/2026,9,עבודה
000236828,17/08/2026,8.75,עבודה
000236828,18/08/2026,8.5,עבודה
000236828,19/08/2026,7.75,עבודה
000236828,20/08/2026,7.5,עבודה
000236828,23/08/2026,8.25,עבודה
000236828,24/08/2026,8.5,עבודה
000236828,25/08/2026,9,עבודה
000236828,26/08/2026,7.75,עבודה
000236828,27/08/2026,7.75,עבודה
000236828,30/08/2026,9.25,עבודה
000236828,31/08/2026,8.25,עבודה
000236828,01/09/2026,8.25,עבודה
000236828,02/09/2026,7.75,עבודה
000236828,03/09/2026,8.25,עבודה
000236828,06/09/2026,9.25,עבודה
000236828,07/09/2026,9.5,עבודה
000236828,08/09/2026,9.5,עבודה
000236828,09/09/2026,8.75,עבודה
000236828,10/09/2026,9,עבודה
000236828,13/09/2026,9,עבודה
000236828,14/09/2026,9.25,עבודה
000236828,15/09/2026,7.5,עבודה
000236828,16/09/2026,7.75,עבודה
000236828,17/09/2026,8.5,עבודה
000236828,20/09/2026,7.5,עבודה
000236828,21/09/2026,8.5,עבודה
000236828,22/09/2026,9.25,עבודה
000190421,11/02/2026,8.5,עבודה
000190421,12/02/2026,8.5,עבודה
000190421,15/02/2026,9.25,עבודה
000190421,16/02/2026,7.75,עבודה
000190421,17/02/2026,8,עבודה
000190421,18/02/2026,7.75,עבודה
000190421,19/02/2026,8.5,עבודה
000190421,22/02/2026,9.25,עבודה
000190421,23/02/2026,8,עבודה
000190421,24/02/2026,9.25,עבודה
000190421,25/02/2026,9.25,עבודה
000190421,26/02/2026,7.75,עבודה
000190421,01/03/2026,8.75,עבודה
000190421,02/03/2026,9.25,עבודה
000190421,03/03/2026,0,חופשה
000190421,04/03/2026,7.75,עבודה
000190421,05/03/2026,7.75,עבודה
000190421,08/03/2026,8,עבודה
000190421,09/03/2026,8.25,עבודה
000190421,10/03/2026,8.25,עבודה
000190421,11/03/2026,9,עבודה
000190421,12/03/2026,8.25,עבודה
000190421,15/03/2026,9,עבודה
000190421,16/03/2026,9,עבודה
000190421,17/03/2026,8,עבודה
000190421,18/03/2026,7.5,עבודה
000190421,19/03/2026,8.5,עבודה
000190421,22/03/2026,0,מחלה
000190421,23/03/2026,7.5,עבודה
000190421,24/03/2026,7.5,עבודה
000190421,25/03/2026,7.75,עבודה
000190421,26/03/2026,9.25,עבודה
000190421,29/03/2026,9.25,עבודה
000190421,30/03/2026,7.75,עבודה
000190421,31/03/2026,0,מחלה
000190421,01/04/2026,8,עבודה
000190421,02/04/2026,8.5,עבודה
000190421,05/04/2026,9.25,עבודה
000190421,06/04/2026,7.75,עבודה
000190421,07/04/2026,8.25,עבודה
000190421,08/04/2026,8.25,עבודה
000190421,09/04/2026,9.25,עבודה
000190421,12/04/2026,8.75,עבודה
000190421,13/04/2026,8.75,עבודה
000190421,14/04/2026,7.5,עבודה
000190421,15/04/2026,0,חופשה
000190421,16/04/2026,8,עבודה
000190421,19/04/2026,8.25,עבודה
000190421,20/04/2026,8,עבודה
000190421,21/04/2026,9.25,עבודה
000190421,22/04/2026,8.75,עבודה
000190421,23/04/2026,8.75,עבודה
000190421,26/04/2026,8.25,עבודה
000190421,27/04/2026,0,חופשה
000190421,28/04/2026,8.5,עבודה
000190421,29/04/2026,9,עבודה
000190421,30/04/2026,9.5,עבודה
000190421,03/05/2026,8.75,עבודה
000190421,04/05/2026,8.75,עבודה
000190421,05/05/2026,7.75,עבודה
000190421,06/05/2026,8,עבודה
000190421,07/05/2026,8,עבודה
000190421,10/05/2026,7.75,עבודה
000190421,11/05/2026,0,חופשה
000190421,12/05/2026,9.5,עבודה
000190421,13/05/2026,7.75,עבודה
000190421,14/05/2026,8.75,עבודה
000190421,17/05/2026,7.75,עבודה
000190421,18/05/2026,0,חופשה
000190421,19/05/2026,8.25,עבודה
000190421,20/05/2026,9,עבודה
000190421,21/05/2026,8.75,עבודה
000190421,24/05/2026,9,עבודה
000190421,25/05/2026,9,עבודה
000190421,26/05/2026,7.5,עבודה
000190421,27/05/2026,8.75,עבודה
000190421,28/05/2026,9,עבודה
000190421,31/05/2026,7.75,עבודה
000190421,01/06/2026,9,עבודה
000190421,02/06/2026,8.25,עבודה
000190421,03/06/2026,8.5,עבודה
000190421,04/06/2026,8.25,עבודה
000190421,07/06/2026,0,חופשה
000190421,08/06/2026,8.25,עבודה
000190421,09/06/2026,7.75,עבודה
000190421,10/06/2026,9.25,עבודה
000190421,11/06/2026,9,עבודה
000190421,14/06/2026,0,חופשה
000190421,15/06/2026,8.75,עבודה
000190421,16/06/2026,8.75,עבודה
000190421,17/06/2026,8,עבודה
000190421,18/06/2026,9.25,עבודה
000190421,21/06/2026,7.5,עבודה
000190421,22/06/2026,8.25,עבודה
000190421,23/06/2026,8.25,עבודה
000190421,24/06/2026,8.5,עבודה
000190421,25/06/2026,8.5,עבודה
000190421,28/06/2026,8.5,עבודה
000190421,29/06/2026,8,עבודה
000190421,30/06/2026,7.75,עבודה
000190421,01/07/2026,8,עבודה
000190421,02/07/2026,8.75,עבודה
000190421,05/07/2026,9.25,עבודה
000190421,06/07/2026,8,עבודה
000190421,07/07/2026,8.75,עבודה
000190421,08/07/2026,9,עבודה
000190421,09/07/2026,8.5,עבודה
000190421,12/07/2026,8.75,עבודה
000190421,13/07/2026,9.5,עבודה
000190421,14/07/2026,0,מחלה
000190421,15/07/2026,7.75,עבודה
000190421,16/07/2026,9.5,עבודה
000190421,19/07/2026,7.5,עבודה
000190421,20/07/2026,8.25,עבודה
000190421,21/07/2026,8.25,עבודה
000190421,22/07/2026,8.5,עבודה
000190421,23/07/2026,9.5,עבודה
000190421,26/07/2026,7.5,עבודה
000190421,27/07/2026,9.25,עבודה
000190421,28/07/2026,8,עבודה
000190421,29/07/2026,9.25,עבודה
000190421,30/07/2026,0,חופשה
000190421,02/08/2026,8,עבודה
000190421,03/08/2026,7.75,עבודה
000190421,04/08/2026,9.25,עבודה
000190421,05/08/2026,8.5,עבודה
000190421,06/08/2026,8.75,עבודה
000190421,09/08/2026,8.5,עבודה
000190421,10/08/2026,9.5,עבודה
000190421,11/08/2026,8.25,עבודה
000190421,12/08/2026,9.25,עבודה
000190421,13/08/2026,9,עבודה
000190421,16/08/2026,8.5,עבודה
000190421,17/08/2026,8,עבודה
000190421,18/08/2026,7.5,עבודה
000190421,19/08/2026,9,עבודה
000190421,20/08/2026,8.5,עבודה
000190421,23/08/2026,8.5,עבודה
000190421,24/08/2026,7.75,עבודה
000190421,25/08/2026,8.75,עבודה
000190421,26/08/2026,9.5,עבודה
000190421,27/08/2026,8.25,עבודה
000190421,30/08/2026,9.5,עבודה
000190421,31/08/2026,9,עבודה
000190421,01/09/2026,8.5,עבודה
000190421,02/09/2026,7.75,עבודה
000190421,03/09/2026,8.5,עבודה
000190421,06/09/2026,8.5,עבודה
000190421,07/09/2026,0,חופשה
000190421,08/09/2026,0,מחלה
000190421,09/09/2026,9.5,עבודה
000190421,10/09/2026,8,עבודה
000190421,13/09/2026,9.25,עבודה
000190421,14/09/2026,7.75,עבודה
000190421,15/09/2026,8,עבודה
000190421,16/09/2026,0,חופשה
000190421,17/09/2026,8,עבודה
000190421,20/09/2026,9,עבודה
000190421,21/09/2026,7.5,עבודה
000190421,22/09/2026,7.5,עבודה
000320697,05/02/2026,8.5,עבודה
000320697,08/02/2026,9.5,עבודה
000320697,09/02/2026,8.75,עבודה
000320697,10/02/2026,8.75,עבודה
000320697,11/02/2026,7.5,עבודה
000320697,12/02/2026,8,עבודה
000320697,15/02/2026,9,עבודה
000320697,16/02/2026,8,עבודה
000320697,17/02/2026,8,עבודה
000320697,18/02/2026,8.25,עבודה
000320697,19/02/2026,8.5,עבודה
000320697,22/02/2026,9.25,עבודה
000320697,23/02/2026,9.5,עבודה
000320697,24/02/2026,8.25,עבודה
000320697,25/02/2026,0,מחלה
000320697,26/02/2026,9.5,עבודה
000320697,01/03/2026,8,עבודה
000320697,02/03/2026,9.25,עבודה
000320697,03/03/2026,7.5,עבודה
000320697,04/03/2026,8.5,עבודה
000320697,05/03/2026,0,חופשה
000320697,08/03/2026,9.5,עבודה
000320697,09/03/2026,7.75,עבודה
000320697,10/03/2026,8.75,עבודה
000320697,11/03/2026,8.75,עבודה
000320697,12/03/2026,9.5,עבודה
000320697,15/03/2026,7.75,עבודה
000320697,16/03/2026,9.5,עבודה
000320697,17/03/2026,8.75,עבודה
000320697,18/03/2026,8,עבודה
000320697,19/03/2026,8,עבודה
000320697,22/03/2026,9,עבודה
000320697,23/03/2026,8.5,עבודה
000320697,24/03/2026,0,חופשה
000320697,25/03/2026,9.5,עבודה
000320697,26/03/2026,9.25,עבודה
000320697,29/03/2026,8,עבודה
000320697,30/03/2026,9,עבודה
000320697,31/03/2026,8.5,עבודה
000320697,01/04/2026,0,חופשה
000320697,02/04/2026,9.25,עבודה
000320697,05/04/2026,9,עבודה
000320697,06/04/2026,7.75,עבודה
000320697,07/04/2026,7.75,עבודה
000320697,08/04/2026,9.25,עבודה
000320697,09/04/2026,8.25,עבודה
000320697,12/04/2026,8,עבודה
000320697,13/04/2026,9,עבודה
000320697,14/04/2026,8,עבודה
000320697,15/04/2026,7.75,עבודה
000320697,16/04/2026,8.75,עבודה
000320697,19/04/2026,0,חופשה
000320697,20/04/2026,0,חופשה
000320697,21/04/2026,9.5,עבודה
000320697,22/04/2026,9,עבודה
000320697,23/04/2026,8,עבודה
000320697,26/04/2026,8.5,עבודה
000320697,27/04/2026,9.25,עבודה
000320697,28/04/2026,9,עבודה
000320697,29/04/2026,9.5,עבודה
000320697,30/04/2026,9,עבודה
000320697,03/05/2026,8.5,עבודה
000320697,04/05/2026,7.75,עבודה
000320697,05/05/2026,8.75,עבודה
000320697,06/05/2026,9,עבודה
000320697,07/05/2026,8.5,עבודה
000320697,10/05/2026,8.5,עבודה
000320697,11/05/2026,8.25,עבודה
000320697,12/05/2026,9,עבודה
000320697,13/05/2026,7.75,עבודה
000320697,14/05/2026,7.75,עבודה
000320697,17/05/2026,8.25,עבודה
000320697,18/05/2026,7.75,עבודה
000320697,19/05/2026,9.5,עבודה
000320697,20/05/2026,8.5,עבודה
000320697,21/05/2026,7.5,עבודה
000320697,24/05/2026,8,עבודה
000320697,25/05/2026,8.5,עבודה
000320697,26/05/2026,9.25,עבודה
000320697,27/05/2026,9.25,עבודה
000320697,28/05/2026,9.5,עבודה
000320697,31/05/2026,9.5,עבודה
000320697,01/06/2026,0,חופשה
000320697,02/06/2026,8.75,עבודה
000320697,03/06/2026,9.25,עבודה
000320697,04/06/2026,0,חופשה
000320697,07/06/2026,8.75,עבודה
000320697,08/06/2026,9.25,עבודה
000320697,09/06/2026,9.5,עבודה
000320697,10/06/2026,8,עבודה
000320697,11/06/2026,9.5,עבודה
000320697,14/06/2026,8,עבודה
000320697,15/06/2026,9.5,עבודה
000320697,16/06/2026,9,עבודה
000320697,17/06/2026,8.25,עבודה
000320697,18/06/2026,8,עבודה
000320697,21/06/2026,9,עבודה
000320697,22/06/2026,9.25,עבודה
000320697,23/06/2026,7.75,עבודה
000320697,24/06/2026,8.5,עבודה
000320697,25/06/2026,7.75,עבודה
000320697,28/06/2026,8.75,עבודה
000320697,29/06/2026,9.25,עבודה
000320697,30/06/2026,7.75,עבודה
000320697,01/07/2026,8.75,עבודה
000320697,02/07/2026,8,עבודה
000320697,05/07/2026,7.75,עבודה
000320697,06/07/2026,8.25,עבודה
000320697,07/07/2026,8.75,עבודה
000320697,08/07/2026,8.75,עבודה
000320697,09/07/2026,0,חופשה
000320697,12/07/2026,8,עבודה
000320697,13/07/2026,8.75,עבודה
000320697,14/07/2026,7.5,עבודה
000320697,15/07/2026,8.25,עבודה
000320697,16/07/2026,0,חופשה
000320697,19/07/2026,9,עבודה
000320697,20/07/2026,9,עבודה
000320697,21/07/2026,9.5,עבודה
000320697,22/07/2026,9.5,עבודה
000320697,23/07/2026,0,מחלה
000320697,26/07/2026,9,עבודה
000320697,27/07/2026,8.75,עבודה
000320697,28/07/2026,7.75,עבודה
000320697,29/07/2026,7.5,עבודה
000320697,30/07/2026,9.5,עבודה
000320697,02/08/2026,8.75,עבודה
000320697,03/08/2026,9.25,עבודה
000320697,04/08/2026,0,מחלה
000320697,05/08/2026,9.5,עבודה
000320697,06/08/2026,8.25,עבודה
000320697,09/08/2026,0,מחלה
000320697,10/08/2026,9.25,עבודה
000320697,11/08/2026,9.25,עבודה
000320697,12/08/2026,7.75,עבודה
000320697,13/08/2026,9.25,עבודה
000320697,16/08/2026,7.75,עבודה
000320697,17/08/2026,7.5,עבודה
000320697,18/08/2026,8.5,עבודה
000320697,19/08/2026,9.25,עבודה
000320697,20/08/2026,9,עבודה
000320697,23/08/2026,0,חופשה
000320697,24/08/2026,8.5,עבודה
000320697,25/08/2026,8,עבודה
000320697,26/08/2026,8.5,עבודה
000320697,27/08/2026,9,עבודה
000320697,30/08/2026,8,עבודה
000320697,31/08/2026,7.5,עבודה
000320697,01/09/2026,0,חופשה
000320697,02/09/2026,0,חופשה
000320697,03/09/2026,8.5,עבודה
000320697,06/09/2026,7.75,עבודה
000320697,07/09/2026,8.5,עבודה
000320697,08/09/2026,8.5,עבודה
000320697,09/09/2026,8.5,עבודה
000320697,10/09/2026,7.75,עבודה
000320697,13/09/2026,8,עבודה
000320697,14/09/2026,8,עבודה
000320697,15/09/2026,7.75,עבודה
000320697,16/09/2026,9.25,עבודה
000320697,17/09/2026,8.75,עבודה
000320697,20/09/2026,0,מחלה
000320697,21/09/2026,7.5,עבודה
000320697,22/09/2026,9,עבודה
000747741,17/02/2026,8.75,עבודה
000747741,18/02/2026,9.5,עבודה
000747741,19/02/2026,8.5,עבודה
000747741,22/02/2026,7.75,עבודה
000747741,23/02/2026,8.75,עבודה
000747741,24/02/2026,7.75,עבודה
000747741,25/02/2026,7.75,עבודה
000747741,26/02/2026,8.25,עבודה
000747741,01/03/2026,7.75,עבודה
000747741,02/03/2026,0,מחלה
000747741,03/03/2026,9,עבודה
000747741,04/03/2026,9.25,עבודה
000747741,05/03/2026,8,עבודה
000747741,08/03/2026,8.25,עבודה
000747741,09/03/2026,9.25,עבודה
000747741,10/03/2026,8.75,עבודה
000747741,11/03/2026,8.75,עבודה
000747741,12/03/2026,9.5,עבודה
000747741,15/03/2026,8,עבודה
000747741,16/03/2026,7.75,עבודה
000747741,17/03/2026,8.75,עבודה
000747741,18/03/2026,9,עבודה
000747741,19/03/2026,9,עבודה
000747741,22/03/2026,8,עבודה
000747741,23/03/2026,8,עבודה
000747741,24/03/2026,0,מחלה
000747741,25/03/2026,8.5,עבודה
000747741,26/03/2026,9.25,עבודה
000747741,29/03/2026,7.75,עבודה
000747741,30/03/2026,9.25,עבודה
000747741,31/03/2026,9.5,עבודה
000747741,01/04/2026,9,עבודה
000747741,02/04/2026,8.25,עבודה
000747741,05/04/2026,0,חופשה
000747741,06/04/2026,8.25,עבודה
000747741,07/04/2026,7.75,עבודה
000747741,08/04/2026,7.75,עבודה
000747741,09/04/2026,7.5,עבודה
000747741,12/04/2026,9.25,עבודה
000747741,13/04/2026,9.5,עבודה
000747741,14/04/2026,8.75,עבודה
000747741,15/04/2026,0,חופשה
000747741,16/04/2026,8.75,עבודה
000747741,19/04/2026,9.25,עבודה
000747741,20/04/2026,7.75,עבודה
000747741,21/04/2026,9,עבודה
000747741,22/04/2026,9.25,עבודה
000747741,23/04/2026,8.25,עבודה
000747741,26/04/2026,7.75,עבודה
000747741,27/04/2026,9.25,עבודה
000747741,28/04/2026,8.25,עבודה
000747741,29/04/2026,8.25,עבודה
000747741,30/04/2026,8.25,עבודה
000747741,03/05/2026,7.5,עבודה
000747741,04/05/2026,0,חופשה
000747741,05/05/2026,8.5,עבודה
000747741,06/05/2026,7.5,עבודה
000747741,07/05/2026,7.75,עבודה
000747741,10/05/2026,8,עבודה
000747741,11/05/2026,9,עבודה
000747741,12/05/2026,7.75,עבודה
000747741,13/05/2026,9.25,עבודה
000747741,14/05/2026,8.5,עבודה
000747741,17/05/2026,8.5,עבודה
000747741,18/05/2026,8,עבודה
000747741,19/05/2026,9.25,עבודה
000747741,20/05/2026,7.75,עבודה
000747741,21/05/2026,0,חופשה
000747741,24/05/2026,8.75,עבודה
000747741,25/05/2026,8.25,עבודה
000747741,26/05/2026,9.25,עבודה
000747741,27/05/2026,8.75,עבודה
000747741,28/05/2026,7.75,עבודה
000747741,31/05/2026,9,עבודה
000747741,01/06/2026,9.5,עבודה
000747741,02/06/2026,7.75,עבודה
000747741,03/06/2026,9,עבודה
000747741,04/06/2026,9.25,עבודה
000747741,07/06/2026,7.75,עבודה
000747741,08/06/2026,9.5,עבודה
000747741,09/06/2026,7.75,עבודה
000747741,10/06/2026,8,עבודה
000747741,11/06/2026,8,עבודה
000747741,14/06/2026,8.75,עבודה
000747741,15/06/2026,0,חופשה
000747741,16/06/2026,9.25,עבודה
000747741,17/06/2026,9.25,עבודה
000747741,18/06/2026,8.25,עבודה
000747741,21/06/2026,8.25,עבודה
000747741,22/06/2026,8.5,עבודה
000747741,23/06/2026,8.25,עבודה
000564724,25/02/2026,7.75,עבודה
000564724,26/02/2026,9,עבודה
000564724,01/03/2026,8.5,עבודה
000564724,02/03/2026,9.25,עבודה
000564724,03/03/2026,9,עבודה
000564724,04/03/2026,8,עבודה
000564724,05/03/2026,8,עבודה
000564724,08/03/2026,8.75,עבודה
000564724,09/03/2026,7.75,עבודה
000564724,10/03/2026,9.25,עבודה
000564724,11/03/2026,9.25,עבודה
000564724,12/03/2026,8.25,עבודה
000564724,15/03/2026,8.75,עבודה
000564724,16/03/2026,8.25,עבודה
000564724,17/03/2026,9.25,עבודה
000564724,18/03/2026,8,עבודה
000564724,19/03/2026,9,עבודה
000564724,22/03/2026,8,עבודה
000564724,23/03/2026,8.75,עבודה
000564724,24/03/2026,7.5,עבודה
000564724,25/03/2026,8.5,עבודה
000564724,26/03/2026,7.75,עבודה
000564724,29/03/2026,8,עבודה
000564724,30/03/2026,8,עבודה
000564724,31/03/2026,9,עבודה
000564724,01/04/2026,7.75,עבודה
000564724,02/04/2026,8,עבודה
000564724,05/04/2026,8.75,עבודה
000564724,06/04/2026,8.5,עבודה
000564724,07/04/2026,0,חופשה
000564724,08/04/2026,9.25,עבודה
000564724,09/04/2026,8.75,עבודה
000564724,12/04/2026,7.75,עבודה
000564724,13/04/2026,9,עבודה
000564724,14/04/2026,7.75,עבודה
000564724,15/04/2026,0,מחלה
000564724,16/04/2026,9.5,עבודה
000564724,19/04/2026,8.5,עבודה
000564724,20/04/2026,7.5,עבודה
000564724,21/04/2026,7.5,עבודה
000564724,22/04/2026,0,חופשה
000564724,23/04/2026,9,עבודה
000564724,26/04/2026,8.75,עבודה
000564724,27/04/2026,8,עבודה
000564724,28/04/2026,8.25,עבודה
000564724,29/04/2026,8,עבודה
000564724,30/04/2026,8.25,עבודה
000564724,03/05/2026,8.75,עבודה
000564724,04/05/2026,8,עבודה
000564724,05/05/2026,9.25,עבודה
000564724,06/05/2026,7.5,עבודה
000564724,07/05/2026,8.75,עבודה
000564724,10/05/2026,8,עבודה
000564724,11/05/2026,7.75,עבודה
000531350,19/01/2026,0,מחלה
000531350,20/01/2026,8.75,עבודה
000531350,21/01/2026,8.25,עבודה
000531350,22/01/2026,8.5,עבודה
000531350,25/01/2026,8,עבודה
000531350,26/01/2026,9.5,עבודה
000531350,27/01/2026,9,עבודה
000531350,28/01/2026,8.5,עבודה
000531350,29/01/2026,0,חופשה
000531350,01/02/2026,9.25,עבודה
000531350,02/02/2026,8,עבודה
000531350,03/02/2026,8.25,עבודה
000531350,04/02/2026,9,עבודה
000531350,05/02/2026,9,עבודה
000531350,08/02/2026,9,עבודה
000531350,09/02/2026,9.25,עבודה
000531350,10/02/2026,7.5,עבודה
000531350,11/02/2026,8.25,עבודה
000531350,12/02/2026,9,עבודה
000531350,15/02/2026,9.5,עבודה
000531350,16/02/2026,8.25,עבודה
000531350,17/02/2026,9.25,עבודה
000531350,18/02/2026,8.25,עבודה
000531350,19/02/2026,7.75,עבודה
000531350,22/02/2026,8.25,עבודה
000531350,23/02/2026,9.25,עבודה
000531350,24/02/2026,8.75,עבודה
000531350,25/02/2026,7.75,עבודה
000531350,26/02/2026,9,עבודה
000531350,01/03/2026,9.25,עבודה
000531350,02/03/2026,8.75,עבודה
000531350,03/03/2026,9,עבודה
000531350,04/03/2026,8,עבודה
000531350,05/03/2026,9.25,עבודה
000531350,08/03/2026,8,עבודה
000531350,09/03/2026,9,עבודה
000531350,10/03/2026,8.75,עבודה
000531350,11/03/2026,9.25,עבודה
000531350,12/03/2026,7.5,עבודה
000531350,15/03/2026,8,עבודה
000531350,16/03/2026,9,עבודה
000531350,17/03/2026,8.25,עבודה
000531350,18/03/2026,8.5,עבודה
000531350,19/03/2026,8.5,עבודה
000531350,22/03/2026,8.75,עבודה
000531350,23/03/2026,7.75,עבודה
000531350,24/03/2026,8.25,עבודה
000531350,25/03/2026,8.75,עבודה
000531350,26/03/2026,0,חופשה
000531350,29/03/2026,8.75,עבודה
000531350,30/03/2026,7.5,עבודה
000531350,31/03/2026,8.75,עבודה
000531350,01/04/2026,7.75,עבודה
000531350,02/04/2026,8,עבודה
000531350,05/04/2026,9.25,עבודה
000531350,06/04/2026,8.75,עבודה
000531350,07/04/2026,8.25,עבודה
000531350,08/04/2026,9.5,עבודה
000531350,09/04/2026,9,עבודה
000531350,12/04/2026,8.5,עבודה
000531350,13/04/2026,8,עבודה
000531350,14/04/2026,7.75,עבודה
000531350,15/04/2026,8.5,עבודה
000531350,16/04/2026,9.25,עבודה
000531350,19/04/2026,8,עבודה
000531350,20/04/2026,9.25,עבודה
000531350,21/04/2026,8.25,עבודה
000531350,22/04/2026,8,עבודה
000531350,23/04/2026,7.75,עבודה
000531350,26/04/2026,8,עבודה
000531350,27/04/2026,8.25,עבודה
000531350,28/04/2026,9,עבודה
000531350,29/04/2026,7.5,עבודה
000531350,30/04/2026,9,עבודה
000531350,03/05/2026,8.5,עבודה
000531350,04/05/2026,9.25,עבודה
000531350,05/05/2026,8.25,עבודה
000531350,06/05/2026,8.5,עבודה
000531350,07/05/2026,9,עבודה
000531350,10/05/2026,7.75,עבודה
000531350,11/05/2026,0,חופשה
000531350,12/05/2026,9.25,עבודה
000531350,13/05/2026,0,חופשה
000531350,14/05/2026,8.5,עבודה
000531350,17/05/2026,7.75,עבודה
000531350,18/05/2026,8.25,עבודה
000531350,19/05/2026,9.25,עבודה
000531350,20/05/2026,8.75,עבודה
000531350,21/05/2026,8.25,עבודה
000531350,24/05/2026,7.5,עבודה
000531350,25/05/2026,9.25,עבודה
000531350,26/05/2026,8.25,עבודה
000531350,27/05/2026,9.25,עבודה
000531350,28/05/2026,8,עבודה
000531350,31/05/2026,8,עבודה
000531350,01/06/2026,7.75,עבודה
000531350,02/06/2026,8.25,עבודה
000531350,03/06/2026,8,עבודה
000531350,04/06/2026,9.25,עבודה
000531350,07/06/2026,8.75,עבודה
000531350,08/06/2026,9.5,עבודה
000531350,09/06/2026,8,עבודה
000531350,10/06/2026,9,עבודה
000531350,11/06/2026,8.5,עבודה
000531350,14/06/2026,8.5,עבודה
000531350,15/06/2026,8.5,עבודה
000531350,16/06/2026,8,עבודה
000531350,17/06/2026,0,מחלה
000531350,18/06/2026,7.5,עבודה
000531350,21/06/2026,8,עבודה
000531350,22/06/2026,7.75,עבודה
000531350,23/06/2026,9,עבודה
000531350,24/06/2026,8.75,עבודה
000531350,25/06/2026,8.5,עבודה
000531350,28/06/2026,8.5,עבודה
000531350,29/06/2026,0,מחלה
000531350,30/06/2026,9.25,עבודה
000531350,01/07/2026,7.5,עבודה
000531350,02/07/2026,0,חופשה
000531350,05/07/2026,9,עבודה
000531350,06/07/2026,8.5,עבודה
000531350,07/07/2026,7.75,עבודה
000531350,08/07/2026,8.75,עבודה
000531350,09/07/2026,8.75,עבודה
000531350,12/07/2026,0,חופשה
000531350,13/07/2026,8.75,עבודה
000531350,14/07/2026,8.25,עבודה
000531350,15/07/2026,8.75,עבודה
000531350,16/07/2026,8,עבודה
000531350,19/07/2026,8.5,עבודה
000531350,20/07/2026,8.5,עבודה
000531350,21/07/2026,8.25,עבודה
000531350,22/07/2026,8,עבודה
000531350,23/07/2026,0,חופשה
000531350,26/07/2026,7.75,עבודה
000531350,27/07/2026,8.5,עבודה
000531350,28/07/2026,8,עבודה
000531350,29/07/2026,8,עבודה
000531350,30/07/2026,7.75,עבודה
000531350,02/08/2026,9.5,עבודה
000531350,03/08/2026,9.25,עבודה
000531350,04/08/2026,7.5,עבודה
000531350,05/08/2026,8,עבודה
000531350,06/08/2026,7.75,עבודה
000531350,09/08/2026,9.25,עבודה
000531350,10/08/2026,8,עבודה
000531350,11/08/2026,8.5,עבודה
000531350,12/08/2026,8.5,עבודה
000531350,13/08/2026,8,עבודה
000531350,16/08/2026,8.5,עבודה
000531350,17/08/2026,8.25,עבודה
000531350,18/08/2026,7.75,עבודה
000531350,19/08/2026,8.5,עבודה
000531350,20/08/2026,8.25,עבודה
000531350,23/08/2026,7.75,עבודה
000531350,24/08/2026,8.25,עבודה
000531350,25/08/2026,8.25,עבודה
000531350,26/08/2026,9,עבודה
000531350,27/08/2026,8.25,עבודה
000531350,30/08/2026,7.75,עבודה
000531350,31/08/2026,7.5,עבודה
000531350,01/09/2026,8.75,עבודה
000531350,02/09/2026,8.5,עבודה
000531350,03/09/2026,8.25,עבודה
000531350,06/09/2026,9.25,עבודה
000531350,07/09/2026,9.25,עבודה
000531350,08/09/2026,0,מחלה
000531350,09/09/2026,9.5,עבודה
000531350,10/09/2026,8.75,עבודה
000531350,13/09/2026,7.75,עבודה
000531350,14/09/2026,9,עבודה
000531350,15/09/2026,8,עבודה
000531350,16/09/2026,0,חופשה
000531350,17/09/2026,8.25,עבודה
000531350,20/09/2026,8,עבודה
000531350,21/09/2026,9.25,עבודה
000531350,22/09/2026,9.25,עבודה
000264358,04/01/2026,7.75,עבודה
000264358,05/01/2026,8.25,עבודה
000264358,06/01/2026,8.5,עבודה
000264358,07/01/2026,0,חופשה
000264358,08/01/2026,8.25,עבודה
000264358,11/01/2026,0,חופשה
000264358,12/01/2026,8.75,עבודה
000264358,13/01/2026,9.25,עבודה
000264358,14/01/2026,9.25,עבודה
000264358,15/01/2026,8.75,עבודה
000264358,18/01/2026,9.25,עבודה
000264358,19/01/2026,7.75,עבודה
000264358,20/01/2026,7.5,עבודה
000264358,21/01/2026,7.5,עבודה
000264358,22/01/2026,7.75,עבודה
000264358,25/01/2026,8.75,עבודה
000264358,26/01/2026,8.75,עבודה
000264358,27/01/2026,0,חופשה
000264358,28/01/2026,9.25,עבודה
000264358,29/01/2026,7.5,עבודה
000264358,01/02/2026,9.5,עבודה
000264358,02/02/2026,9,עבודה
000264358,03/02/2026,8.5,עבודה
000264358,04/02/2026,0,מחלה
000264358,05/02/2026,8.75,עבודה
000264358,08/02/2026,8.5,עבודה
000264358,09/02/2026,9.5,עבודה
000264358,10/02/2026,0,חופשה
000264358,11/02/2026,8.75,עבודה
000264358,12/02/2026,9.25,עבודה
000264358,15/02/2026,8.25,עבודה
000264358,16/02/2026,9.25,עבודה
000264358,17/02/2026,8.75,עבודה
000264358,18/02/2026,7.75,עבודה
000264358,19/02/2026,8.5,עבודה
000264358,22/02/2026,8.75,עבודה
000264358,23/02/2026,7.5,עבודה
000264358,24/02/2026,9.25,עבודה
000264358,25/02/2026,8.75,עבודה
000264358,26/02/2026,7.5,עבודה
000264358,01/03/2026,0,מחלה
000264358,02/03/2026,9,עבודה
000264358,03/03/2026,9.5,עבודה
000264358,04/03/2026,8.25,עבודה
000264358,05/03/2026,8.5,עבודה
000264358,08/03/2026,8.5,עבודה
000264358,09/03/2026,0,חופשה
000264358,10/03/2026,8.25,עבודה
000264358,11/03/2026,7.75,עבודה
000264358,12/03/2026,9,עבודה
000264358,15/03/2026,8.75,עבודה
000264358,16/03/2026,9.5,עבודה
000264358,17/03/2026,8.75,עבודה
000264358,18/03/2026,0,חופשה
000264358,19/03/2026,8.75,עבודה
000264358,22/03/2026,7.75,עבודה
000264358,23/03/2026,0,מחלה
000264358,24/03/2026,8.25,עבודה
000264358,25/03/2026,9,עבודה
000264358,26/03/2026,8,עבודה
000264358,29/03/2026,7.5,עבודה
000264358,30/03/2026,8.25,עבודה
000264358,31/03/2026,8,עבודה
000264358,01/04/2026,7.75,עבודה
000264358,02/04/2026,9,עבודה
000264358,05/04/2026,7.75,עבודה
000264358,06/04/2026,8,עבודה
000264358,07/04/2026,7.75,עבודה
000264358,08/04/2026,0,חופשה
000264358,09/04/2026,7.75,עבודה
000264358,12/04/2026,0,מחלה
000264358,13/04/2026,8,עבודה
000264358,14/04/2026,9.5,עבודה
000264358,15/04/2026,9,עבודה
000264358,16/04/2026,8.25,עבודה
000264358,19/04/2026,8,עבודה
000264358,20/04/2026,8.75,עבודה
000264358,21/04/2026,8.75,עבודה
000264358,22/04/2026,9,עבודה
000264358,23/04/2026,7.75,עבודה
000264358,26/04/2026,9,עבודה
000264358,27/04/2026,8.75,עבודה
000264358,28/04/2026,8,עבודה
000264358,29/04/2026,8.5,עבודה
000264358,30/04/2026,9.25,עבודה
000264358,03/05/2026,7.5,עבודה
000264358,04/05/2026,8.25,עבודה
000264358,05/05/2026,8.75,עבודה
000264358,06/05/2026,8.25,עבודה
000264358,07/05/2026,9.25,עבודה
000264358,10/05/2026,8.5,עבודה
000264358,11/05/2026,8.25,עבודה
000264358,12/05/2026,9,עבודה
000264358,13/05/2026,9,עבודה
000264358,14/05/2026,8.5,עבודה
000264358,17/05/2026,8.25,עבודה
000264358,18/05/2026,9.25,עבודה
000264358,19/05/2026,8.25,עבודה
000264358,20/05/2026,8,עבודה
000264358,21/05/2026,9.5,עבודה
000264358,24/05/2026,9.25,עבודה
000264358,25/05/2026,9,עבודה
000264358,26/05/2026,8.25,עבודה
000264358,27/05/2026,8.5,עבודה
000264358,28/05/2026,0,חופשה
000264358,31/05/2026,0,חופשה
000264358,01/06/2026,8,עבודה
000264358,02/06/2026,0,חופשה
000264358,03/06/2026,0,מחלה
000264358,04/06/2026,0,חופשה
000264358,07/06/2026,7.75,עבודה
000264358,08/06/2026,9.25,עבודה
000264358,09/06/2026,8.5,עבודה
000264358,10/06/2026,9.5,עבודה
000264358,11/06/2026,7.75,עבודה
000264358,14/06/2026,9.25,עבודה
000264358,15/06/2026,9.25,עבודה
000264358,16/06/2026,9.25,עבודה
000264358,17/06/2026,9,עבודה
000264358,18/06/2026,8.5,עבודה
000264358,21/06/2026,7.75,עבודה
000264358,22/06/2026,9.25,עבודה
000264358,23/06/2026,9.25,עבודה
000264358,24/06/2026,8.75,עבודה
000264358,25/06/2026,8,עבודה
000264358,28/06/2026,8.25,עבודה
000264358,29/06/2026,9,עבודה
000264358,30/06/2026,8,עבודה
000264358,01/07/2026,8.25,עבודה
000264358,02/07/2026,8.5,עבודה
000264358,05/07/2026,9.25,עבודה
000264358,06/07/2026,8.75,עבודה
000264358,07/07/2026,8.5,עבודה
000264358,08/07/2026,8.75,עבודה
000264358,09/07/2026,7.75,עבודה
000264358,12/07/2026,8.5,עבודה
000264358,13/07/2026,8.75,עבודה
000264358,14/07/2026,8.75,עבודה
000264358,15/07/2026,7.5,עבודה
000264358,16/07/2026,7.5,עבודה
000264358,19/07/2026,0,מחלה
000264358,20/07/2026,8.5,עבודה
000264358,21/07/2026,9,עבודה
000264358,22/07/2026,9,עבודה
000264358,23/07/2026,7.75,עבודה
000264358,26/07/2026,7.5,עבודה
000264358,27/07/2026,7.5,עבודה
000264358,28/07/2026,7.75,עבודה
000264358,29/07/2026,9,עבודה
000264358,30/07/2026,7.5,עבודה
000264358,02/08/2026,8.25,עבודה
000264358,03/08/2026,9.25,עבודה
000264358,04/08/2026,7.75,עבודה
000264358,05/08/2026,7.75,עבודה
000264358,06/08/2026,7.75,עבודה
000264358,09/08/2026,7.5,עבודה
000264358,10/08/2026,9,עבודה
000264358,11/08/2026,8.5,עבודה
000264358,12/08/2026,0,מחלה
000264358,13/08/2026,8.75,עבודה
000264358,16/08/2026,9,עבודה
000264358,17/08/2026,9,עבודה
000264358,18/08/2026,9.25,עבודה
000264358,19/08/2026,8.25,עבודה
000264358,20/08/2026,7.75,עבודה
000264358,23/08/2026,8,עבודה
000264358,24/08/2026,9.5,עבודה
000264358,25/08/2026,9.25,עבודה
000264358,26/08/2026,8,עבודה
000264358,27/08/2026,7.75,עבודה
000264358,30/08/2026,9.25,עבודה
000264358,31/08/2026,0,חופשה
000264358,01/09/2026,8.75,עבודה
000264358,02/09/2026,0,מחלה
000264358,03/09/2026,7.75,עבודה
000264358,06/09/2026,0,חופשה
000264358,07/09/2026,9,עבודה
000264358,08/09/2026,7.75,עבודה
000264358,09/09/2026,8.5,עבודה
000264358,10/09/2026,9.5,עבודה
000264358,13/09/2026,8.25,עבודה
000264358,14/09/2026,8,עבודה
000264358,15/09/2026,8.5,עבודה
000264358,16/09/2026,0,חופשה
000264358,17/09/2026,9.25,עבודה
000264358,20/09/2026,7.5,עבודה
000264358,21/09/2026,9.25,עבודה
000264358,22/09/2026,7.75,עבודה
000986026,06/01/2026,8,עבודה
000986026,07/01/2026,9,עבודה
000986026,08/01/2026,8.75,עבודה
000986026,11/01/2026,7.75,עבודה
000986026,12/01/2026,8.5,עבודה
000986026,13/01/2026,9,עבודה
000986026,14/01/2026,9.5,עבודה
000986026,15/01/2026,9,עבודה
000986026,18/01/2026,9.25,עבודה
000986026,19/01/2026,7.75,עבודה
000986026,20/01/2026,8.75,עבודה
000986026,21/01/2026,9.25,עבודה
000986026,22/01/2026,0,חופשה
000986026,25/01/2026,8.75,עבודה
000986026,26/01/2026,8.25,עבודה
000986026,27/01/2026,0,חופשה
000986026,28/01/2026,8,עבודה
000986026,29/01/2026,8.25,עבודה
000986026,01/02/2026,9.25,עבודה
000986026,02/02/2026,8.5,עבודה
000986026,03/02/2026,8,עבודה
000986026,04/02/2026,0,חופשה
000986026,05/02/2026,8,עבודה
000986026,08/02/2026,8,עבודה
000986026,09/02/2026,8.25,עבודה
000986026,10/02/2026,8.5,עבודה
000986026,11/02/2026,8.5,עבודה
000986026,12/02/2026,9,עבודה
000986026,15/02/2026,8.75,עבודה
000986026,16/02/2026,9.25,עבודה
000986026,17/02/2026,8.75,עבודה
000986026,18/02/2026,9.5,עבודה
000986026,19/02/2026,9,עבודה
000986026,22/02/2026,8.5,עבודה
000986026,23/02/2026,8.25,עבודה
000986026,24/02/2026,0,מחלה
000986026,25/02/2026,8,עבודה
000986026,26/02/2026,0,חופשה
000986026,01/03/2026,8,עבודה
000986026,02/03/2026,0,חופשה
000986026,03/03/2026,0,חופשה
000986026,04/03/2026,8.25,עבודה
000986026,05/03/2026,9,עבודה
000986026,08/03/2026,7.75,עבודה
000986026,09/03/2026,9.5,עבודה
000986026,10/03/2026,8.75,עבודה
000986026,11/03/2026,8.5,עבודה
000986026,12/03/2026,9,עבודה
000986026,15/03/2026,0,חופשה
000986026,16/03/2026,0,חופשה
000986026,17/03/2026,9.25,עבודה
000986026,18/03/2026,8,עבודה
000986026,19/03/2026,7.75,עבודה
000986026,22/03/2026,8.75,עבודה
000986026,23/03/2026,9.25,עבודה
000986026,24/03/2026,8.25,עבודה
000986026,25/03/2026,8.5,עבודה
000986026,26/03/2026,9,עבודה
000986026,29/03/2026,7.75,עבודה
000986026,30/03/2026,0,מחלה
000986026,31/03/2026,8.5,עבודה
000986026,01/04/2026,9.25,עבודה
000986026,02/04/2026,7.5,עבודה
000986026,05/04/2026,9.25,עבודה
000986026,06/04/2026,8.75,עבודה
000986026,07/04/2026,7.75,עבודה
000986026,08/04/2026,8,עבודה
000986026,09/04/2026,8.5,עבודה
000986026,12/04/2026,8.75,עבודה
000986026,13/04/2026,8.5,עבודה
000986026,14/04/2026,9.25,עבודה
000986026,15/04/2026,8,עבודה
000986026,16/04/2026,9.25,עבודה
000986026,19/04/2026,9,עבודה
000986026,20/04/2026,8.25,עבודה
000986026,21/04/2026,0,מחלה
000986026,22/04/2026,7.5,עבודה
000986026,23/04/2026,8.75,עבודה
000986026,26/04/2026,9.5,עבודה
000986026,27/04/2026,0,חופשה
000986026,28/04/2026,0,חופשה
000986026,29/04/2026,7.75,עבודה
000986026,30/04/2026,7.75,עבודה
000986026,03/05/2026,0,מחלה
000986026,04/05/2026,9,עבודה
000986026,05/05/2026,0,חופשה
000986026,06/05/2026,9.25,עבודה
000986026,07/05/2026,9.25,עבודה
000986026,10/05/2026,9.25,עבודה
000986026,11/05/2026,8.75,עבודה
000986026,12/05/2026,9.25,עבודה
000986026,13/05/2026,9.5,עבודה
000986026,14/05/2026,8.5,עבודה
000986026,17/05/2026,8.75,עבודה
000986026,18/05/2026,8.5,עבודה
000986026,19/05/2026,7.75,עבודה
000986026,20/05/2026,8.75,עבודה
000986026,21/05/2026,8.5,עבודה
000986026,24/05/2026,8.5,עבודה
000986026,25/05/2026,8,עבודה
000986026,26/05/2026,9,עבודה
000986026,27/05/2026,7.5,עבודה
000986026,28/05/2026,9.25,עבודה
000986026,31/05/2026,9.25,עבודה
000986026,01/06/2026,8.5,עבודה
000986026,02/06/2026,9.25,עבודה
000986026,03/06/2026,7.75,עבודה
000986026,04/06/2026,8.75,עבודה
000986026,07/06/2026,7.75,עבודה
000986026,08/06/2026,9,עבודה
000986026,09/06/2026,8.75,עבודה
000986026,10/06/2026,8.5,עבודה
000986026,11/06/2026,8.75,עבודה
000986026,14/06/2026,8.5,עבודה
000986026,15/06/2026,8.25,עבודה
000986026,16/06/2026,8.75,עבודה
000986026,17/06/2026,8.25,עבודה
000986026,18/06/2026,8.75,עבודה
000986026,21/06/2026,8,עבודה
000986026,22/06/2026,7.5,עבודה
000986026,23/06/2026,9,עבודה
000986026,24/06/2026,8.25,עבודה
000986026,25/06/2026,8.5,עבודה
000986026,28/06/2026,8.75,עבודה
000986026,29/06/2026,7.75,עבודה
000986026,30/06/2026,8,עבודה
000986026,01/07/2026,9.25,עבודה
000986026,02/07/2026,9,עבודה
000986026,05/07/2026,7.5,עבודה
000986026,06/07/2026,8.5,עבודה
000986026,07/07/2026,9.25,עבודה
000986026,08/07/2026,9.5,עבודה
000986026,09/07/2026,0,חופשה
000986026,12/07/2026,8.75,עבודה
000986026,13/07/2026,9.25,עבודה
000986026,14/07/2026,8.25,עבודה
000986026,15/07/2026,8,עבודה
000986026,16/07/2026,8.75,עבודה
000986026,19/07/2026,8.25,עבודה
000986026,20/07/2026,9.25,עבודה
000986026,21/07/2026,9,עבודה
000986026,22/07/2026,9.5,עבודה
000986026,23/07/2026,0,מחלה
000986026,26/07/2026,8,עבודה
000986026,27/07/2026,8.5,עבודה
000986026,28/07/2026,8.5,עבודה
000986026,29/07/2026,8,עבודה
000986026,30/07/2026,8.25,עבודה
000986026,02/08/2026,8,עבודה
000986026,03/08/2026,7.75,עבודה
000986026,04/08/2026,8.5,עבודה
000986026,05/08/2026,9.5,עבודה
000986026,06/08/2026,7.75,עבודה
000986026,09/08/2026,8.5,עבודה
000986026,10/08/2026,0,חופשה
000986026,11/08/2026,8,עבודה
000986026,12/08/2026,8.25,עבודה
000986026,13/08/2026,7.75,עבודה
000986026,16/08/2026,0,חופשה
000986026,17/08/2026,9,עבודה
000986026,18/08/2026,8.75,עבודה
000986026,19/08/2026,9,עבודה
000986026,20/08/2026,7.75,עבודה
000986026,23/08/2026,8.25,עבודה
000986026,24/08/2026,7.5,עבודה
000986026,25/08/2026,9.25,עבודה
000986026,26/08/2026,8.25,עבודה
000986026,27/08/2026,8,עבודה
000986026,30/08/2026,8.25,עבודה
000986026,31/08/2026,9.25,עבודה
000986026,01/09/2026,9.25,עבודה
000986026,02/09/2026,7.5,עבודה
000986026,03/09/2026,7.75,עבודה
000986026,06/09/2026,8.25,עבודה
000986026,07/09/2026,8,עבודה
000986026,08/09/2026,9.25,עבודה
000986026,09/09/2026,9,עבודה
000986026,10/09/2026,8.5,עבודה
000986026,13/09/2026,8.75,עבודה
000986026,14/09/2026,9,עבודה
000986026,15/09/2026,8.5,עבודה
000986026,16/09/2026,9,עבודה
000986026,17/09/2026,0,חופשה
000986026,20/09/2026,0,מחלה
000986026,21/09/2026,9.25,עבודה
000986026,22/09/2026,7.75,עבודה
000845578,18/12/2025,7.75,עבודה
000845578,21/12/2025,8.5,עבודה
000845578,22/12/2025,9.25,עבודה
000845578,23/12/2025,0,חופשה
000845578,24/12/2025,8.5,עבודה
000845578,25/12/2025,9.25,עבודה
000845578,28/12/2025,7.75,עבודה
000845578,29/12/2025,7.75,עבודה
000845578,30/12/2025,7.5,עבודה
000845578,31/12/2025,8.5,עבודה
000845578,01/01/2026,9,עבודה
000845578,04/01/2026,9.25,עבודה
000845578,05/01/2026,8,עבודה
000845578,06/01/2026,9,עבודה
000845578,07/01/2026,8,עבודה
000845578,08/01/2026,7.75,עבודה
000845578,11/01/2026,9,עבודה
000845578,12/01/2026,8,עבודה
000845578,13/01/2026,9.25,עבודה
000845578,14/01/2026,9,עבודה
000845578,15/01/2026,9.25,עבודה
000845578,18/01/2026,8.75,עבודה
000845578,19/01/2026,9.25,עבודה
000845578,20/01/2026,0,חופשה
000845578,21/01/2026,8.5,עבודה
000845578,22/01/2026,9,עבודה
000845578,25/01/2026,8.25,עבודה
000845578,26/01/2026,9,עבודה
000845578,27/01/2026,0,חופשה
000845578,28/01/2026,7.75,עבודה
000845578,29/01/2026,8,עבודה
000845578,01/02/2026,7.75,עבודה
000845578,02/02/2026,9,עבודה
000845578,03/02/2026,9,עבודה
000845578,04/02/2026,9.5,עבודה
000845578,05/02/2026,8,עבודה
000845578,08/02/2026,9,עבודה
000845578,09/02/2026,8.5,עבודה
000845578,10/02/2026,8.25,עבודה
000845578,11/02/2026,8.25,עבודה
000845578,12/02/2026,9,עבודה
000845578,15/02/2026,9.25,עבודה
000845578,16/02/2026,8.25,עבודה
000845578,17/02/2026,9.5,עבודה
000845578,18/02/2026,8.25,עבודה
000845578,19/02/2026,9,עבודה
000845578,22/02/2026,8.5,עבודה
000845578,23/02/2026,8,עבודה
000845578,24/02/2026,0,חופשה
000845578,25/02/2026,7.75,עבודה
000845578,26/02/2026,8.25,עבודה
000845578,01/03/2026,9,עבודה
000845578,02/03/2026,0,מחלה
000845578,03/03/2026,8,עבודה
000845578,04/03/2026,7.5,עבודה
000845578,05/03/2026,9.25,עבודה
000845578,08/03/2026,8.25,עבודה
000845578,09/03/2026,9.25,עבודה
000845578,10/03/2026,8.75,עבודה
000845578,11/03/2026,0,חופשה
000845578,12/03/2026,9.25,עבודה
000845578,15/03/2026,7.75,עבודה
000845578,16/03/2026,9.5,עבודה
000845578,17/03/2026,7.5,עבודה
000845578,18/03/2026,8,עבודה
000845578,19/03/2026,0,חופשה
000845578,22/03/2026,8,עבודה
000845578,23/03/2026,8.25,עבודה
000845578,24/03/2026,8,עבודה
000845578,25/03/2026,8.25,עבודה
000845578,26/03/2026,0,חופשה
000845578,29/03/2026,8.5,עבודה
000845578,30/03/2026,0,מחלה
000845578,31/03/2026,0,חופשה
000845578,01/04/2026,7.75,עבודה
000845578,02/04/2026,9.25,עבודה
000845578,05/04/2026,9.25,עבודה
000845578,06/04/2026,0,מחלה
000845578,07/04/2026,9.25,עבודה
000845578,08/04/2026,8,עבודה
000845578,09/04/2026,8.75,עבודה
000845578,12/04/2026,8,עבודה
000845578,13/04/2026,9.5,עבודה
000845578,14/04/2026,0,מחלה
000845578,15/04/2026,9.5,עבודה
000845578,16/04/2026,9.25,עבודה
000845578,19/04/2026,8.5,עבודה
000845578,20/04/2026,7.5,עבודה
000845578,21/04/2026,9.5,עבודה
000845578,22/04/2026,8.75,עבודה
000845578,23/04/2026,8,עבודה
000845578,26/04/2026,8.25,עבודה
000845578,27/04/2026,7.75,עבודה
000845578,28/04/2026,9,עבודה
000845578,29/04/2026,9,עבודה
000845578,30/04/2026,8.5,עבודה
000845578,03/05/2026,7.75,עבודה
000845578,04/05/2026,8.75,עבודה
000845578,05/05/2026,8.5,עבודה
000845578,06/05/2026,8.25,עבודה
000845578,07/05/2026,0,חופשה
000845578,10/05/2026,9,עבודה
000845578,11/05/2026,8.75,עבודה
000845578,12/05/2026,8.75,עבודה
000845578,13/05/2026,9,עבודה
000845578,14/05/2026,7.75,עבודה
000845578,17/05/2026,0,מחלה
000845578,18/05/2026,8,עבודה
000845578,19/05/2026,7.75,עבודה
000845578,20/05/2026,8,עבודה
000845578,21/05/2026,7.75,עבודה
000845578,24/05/2026,7.75,עבודה
000845578,25/05/2026,7.75,עבודה
000845578,26/05/2026,9.25,עבודה
000845578,27/05/2026,8.25,עבודה
000845578,28/05/2026,8.5,עבודה
000845578,31/05/2026,8,עבודה
000845578,01/06/2026,8,עבודה
000845578,02/06/2026,9,עבודה
000845578,03/06/2026,8.75,עבודה
000845578,04/06/2026,9.25,עבודה
000845578,07/06/2026,9.25,עבודה
000845578,08/06/2026,9.25,עבודה
000845578,09/06/2026,7.75,עבודה
000845578,10/06/2026,7.5,עבודה
000845578,11/06/2026,9.5,עבודה
000845578,14/06/2026,8.25,עבודה
000845578,15/06/2026,8.75,עבודה
000845578,16/06/2026,9.25,עבודה
000845578,17/06/2026,8.75,עבודה
000845578,18/06/2026,9.25,עבודה
000845578,21/06/2026,7.75,עבודה
000845578,22/06/2026,8.25,עבודה
000845578,23/06/2026,9.5,עבודה
000845578,24/06/2026,9,עבודה
000845578,25/06/2026,8.75,עבודה
000845578,28/06/2026,8.25,עבודה
000845578,29/06/2026,8,עבודה
000845578,30/06/2026,9.25,עבודה
000845578,01/07/2026,9,עבודה
000845578,02/07/2026,8.75,עבודה
000845578,05/07/2026,8.5,עבודה
000845578,06/07/2026,8.25,עבודה
000845578,07/07/2026,7.75,עבודה
000845578,08/07/2026,8.75,עבודה
000845578,09/07/2026,9,עבודה
000845578,12/07/2026,9.25,עבודה
000845578,13/07/2026,9.25,עבודה
000845578,14/07/2026,8.25,עבודה
000845578,15/07/2026,8.75,עבודה
000845578,16/07/2026,8.75,עבודה
000845578,19/07/2026,9,עבודה
000845578,20/07/2026,7.75,עבודה
000845578,21/07/2026,8.25,עבודה
000845578,22/07/2026,7.5,עבודה
000845578,23/07/2026,0,חופשה
000845578,26/07/2026,8.75,עבודה
000845578,27/07/2026,7.75,עבודה
000845578,28/07/2026,8.5,עבודה
000845578,29/07/2026,8.5,עבודה
000845578,30/07/2026,8.5,עבודה
000845578,02/08/2026,0,חופשה
000845578,03/08/2026,0,חופשה
000845578,04/08/2026,8,עבודה
000845578,05/08/2026,8.25,עבודה
000845578,06/08/2026,7.5,עבודה
000845578,09/08/2026,8.5,עבודה
000845578,10/08/2026,9.5,עבודה
000845578,11/08/2026,9.5,עבודה
000845578,12/08/2026,8.25,עבודה
000845578,13/08/2026,7.75,עבודה
000845578,16/08/2026,7.5,עבודה
000845578,17/08/2026,8.25,עבודה
000845578,18/08/2026,8.5,עבודה
000845578,19/08/2026,7.75,עבודה
000845578,20/08/2026,9.25,עבודה
000845578,23/08/2026,8.25,עבודה
000845578,24/08/2026,9.25,עבודה
000845578,25/08/2026,7.75,עבודה
000845578,26/08/2026,8.75,עבודה
000845578,27/08/2026,0,מחלה
000845578,30/08/2026,8.5,עבודה
000845578,31/08/2026,9,עבודה
000845578,01/09/2026,9.5,עבודה
000845578,02/09/2026,9.25,עבודה
000845578,03/09/2026,7.75,עבודה
000845578,06/09/2026,7.75,עבודה
000845578,07/09/2026,9.5,עבודה
000845578,08/09/2026,9.25,עבודה
000845578,09/09/2026,7.75,עבודה
000845578,10/09/2026,8,עבודה
000845578,13/09/2026,8.25,עבודה
000845578,14/09/2026,9,עבודה
000845578,15/09/2026,8.5,עבודה
000845578,16/09/2026,8.25,עבודה
000845578,17/09/2026,8.5,עבודה
000845578,20/09/2026,7.75,עבודה
000845578,21/09/2026,8,עבודה
000845578,22/09/2026,8.75,עבודה
000639104,07/12/2025,7.75,עבודה
000639104,08/12/2025,8.25,עבודה
000639104,09/12/2025,9,עבודה
000639104,10/12/2025,0,חופשה
000639104,11/12/2025,9,עבודה
000639104,14/12/2025,7.75,עבודה
000639104,15/12/2025,8.25,עבודה
000639104,16/12/2025,8.75,עבודה
000639104,17/12/2025,7.75,עבודה
000639104,18/12/2025,0,חופשה
000639104,21/12/2025,7.5,עבודה
000639104,22/12/2025,7.75,עבודה
000639104,23/12/2025,9.25,עבודה
000639104,24/12/2025,8,עבודה
000639104,25/12/2025,9.5,עבודה
000639104,28/12/2025,8.5,עבודה
000639104,29/12/2025,0,חופשה
000639104,30/12/2025,8.25,עבודה
000639104,31/12/2025,8.5,עבודה
000639104,01/01/2026,0,חופשה
000639104,04/01/2026,0,חופשה
000639104,05/01/2026,9,עבודה
000639104,06/01/2026,9.25,עבודה
000639104,07/01/2026,8,עבודה
000639104,08/01/2026,7.75,עבודה
000639104,11/01/2026,9,עבודה
000639104,12/01/2026,8,עבודה
000639104,13/01/2026,9.25,עבודה
000639104,14/01/2026,8.75,עבודה
000639104,15/01/2026,9.25,עבודה
000639104,18/01/2026,9.25,עבודה
000639104,19/01/2026,8.5,עבודה
000639104,20/01/2026,0,חופשה
000639104,21/01/2026,0,מחלה
000639104,22/01/2026,0,חופשה
000639104,25/01/2026,8,עבודה
000639104,26/01/2026,8.25,עבודה
000639104,27/01/2026,0,מחלה
000639104,28/01/2026,8,עבודה
000639104,29/01/2026,9,עבודה
000639104,01/02/2026,8,עבודה
000639104,02/02/2026,8,עבודה
000639104,03/02/2026,9,עבודה
000639104,04/02/2026,9,עבודה
000639104,05/02/2026,8.5,עבודה
000639104,08/02/2026,8.75,עבודה
000639104,09/02/2026,8.75,עבודה
000639104,10/02/2026,7.75,עבודה
000639104,11/02/2026,8.75,עבודה
000639104,12/02/2026,7.75,עבודה
000639104,15/02/2026,8.25,עבודה
000639104,16/02/2026,9,עבודה
000639104,17/02/2026,8.5,עבודה
000639104,18/02/2026,0,חופשה
000639104,19/02/2026,9,עבודה
000639104,22/02/2026,9.25,עבודה
000698688,21/12/2025,8.25,עבודה
000698688,22/12/2025,9,עבודה
000698688,23/12/2025,8,עבודה
000698688,24/12/2025,8,עבודה
000698688,25/12/2025,8.5,עבודה
000698688,28/12/2025,9.25,עבודה
000698688,29/12/2025,8.5,עבודה
000698688,30/12/2025,8.25,עבודה
000698688,31/12/2025,8,עבודה
000698688,01/01/2026,0,חופשה
000698688,04/01/2026,8.5,עבודה
000698688,05/01/2026,9.5,עבודה
000698688,06/01/2026,9.5,עבודה
000698688,07/01/2026,8.75,עבודה
000698688,08/01/2026,8.75,עבודה
000698688,11/01/2026,8.75,עבודה
000698688,12/01/2026,8.5,עבודה
000698688,13/01/2026,7.5,עבודה
000698688,14/01/2026,9.25,עבודה
000698688,15/01/2026,8.25,עבודה
000698688,18/01/2026,8.5,עבודה
000698688,19/01/2026,8.5,עבודה
000698688,20/01/2026,9.5,עבודה
000698688,21/01/2026,8.5,עבודה
000698688,22/01/2026,8,עבודה
000698688,25/01/2026,8,עבודה
000698688,26/01/2026,8.75,עבודה
000698688,27/01/2026,7.5,עבודה
000698688,28/01/2026,8.25,עבודה
000698688,29/01/2026,9,עבודה
000698688,01/02/2026,8.75,עבודה
000698688,02/02/2026,9,עבודה
000698688,03/02/2026,0,חופשה
000698688,04/02/2026,8.25,עבודה
000698688,05/02/2026,8.25,עבודה
000698688,08/02/2026,7.5,עבודה
000698688,09/02/2026,8.5,עבודה
000698688,10/02/2026,8.75,עבודה
000698688,11/02/2026,9.5,עבודה
000698688,12/02/2026,9,עבודה
000698688,15/02/2026,0,חופשה
000698688,16/02/2026,7.75,עבודה
000698688,17/02/2026,8.25,עבודה
000698688,18/02/2026,0,חופשה
000698688,19/02/2026,8.25,עבודה
000698688,22/02/2026,7.75,עבודה
000698688,23/02/2026,8.5,עבודה
000698688,24/02/2026,0,חופשה
000698688,25/02/2026,8.75,עבודה
000698688,26/02/2026,9.25,עבודה
000698688,01/03/2026,9.25,עבודה
000698688,02/03/2026,8.5,עבודה
000698688,03/03/2026,8,עבודה
000698688,04/03/2026,8.5,עבודה
000698688,05/03/2026,7.75,עבודה
000698688,08/03/2026,8.5,עבודה
000698688,09/03/2026,0,חופשה
000698688,10/03/2026,7.5,עבודה
000698688,11/03/2026,8.75,עבודה
000698688,12/03/2026,8.25,עבודה
000698688,15/03/2026,9.25,עבודה
000698688,16/03/2026,8.75,עבודה
000698688,17/03/2026,8.5,עבודה
000698688,18/03/2026,0,מחלה
000698688,19/03/2026,8,עבודה
000698688,22/03/2026,7.5,עבודה
000698688,23/03/2026,9.25,עבודה
000698688,24/03/2026,8.75,עבודה
000698688,25/03/2026,7.75,עבודה
000874180,09/11/2025,9,עבודה
000874180,10/11/2025,8.25,עבודה
000874180,11/11/2025,7.75,עבודה
000874180,12/11/2025,0,מחלה
000874180,13/11/2025,0,חופשה
000874180,16/11/2025,9,עבודה
000874180,17/11/2025,0,חופשה
000874180,18/11/2025,7.75,עבודה
000874180,19/11/2025,8.5,עבודה
000874180,20/11/2025,8.75,עבודה
000874180,23/11/2025,9.25,עבודה
000874180,24/11/2025,8,עבודה
000874180,25/11/2025,8.75,עבודה
000874180,26/11/2025,8,עבודה
000874180,27/11/2025,7.75,עבודה
000874180,30/11/2025,8.25,עבודה
000874180,01/12/2025,8.25,עבודה
000874180,02/12/2025,9.25,עבודה
000874180,03/12/2025,7.75,עבודה
000874180,04/12/2025,9,עבודה
000874180,07/12/2025,0,חופשה
000874180,08/12/2025,8.5,עבודה
000874180,09/12/2025,8,עבודה
000874180,10/12/2025,8.25,עבודה
000874180,11/12/2025,9.25,עבודה
000874180,14/12/2025,7.5,עבודה
000874180,15/12/2025,7.75,עבודה
000874180,16/12/2025,8.25,עבודה
000874180,17/12/2025,9.25,עבודה
000874180,18/12/2025,7.75,עבודה
000874180,21/12/2025,9.25,עבודה
000874180,22/12/2025,9,עבודה
000874180,23/12/2025,8.5,עבודה
000874180,24/12/2025,8.5,עבודה
000874180,25/12/2025,8.25,עבודה
000874180,28/12/2025,8.25,עבודה
000874180,29/12/2025,8.25,עבודה
000874180,30/12/2025,8.75,עבודה
000874180,31/12/2025,8.25,עבודה
000874180,01/01/2026,9.5,עבודה
000874180,04/01/2026,0,מחלה
000874180,05/01/2026,7.75,עבודה
000874180,06/01/2026,8.5,עבודה
000874180,07/01/2026,9.25,עבודה
000874180,08/01/2026,8.5,עבודה
000874180,11/01/2026,8.75,עבודה
000874180,12/01/2026,8,עבודה
000874180,13/01/2026,9.25,עבודה
000874180,14/01/2026,9.25,עבודה
000874180,15/01/2026,8.75,עבודה
000874180,18/01/2026,0,מחלה
000874180,19/01/2026,8.25,עבודה
000874180,20/01/2026,0,חופשה
000874180,21/01/2026,7.75,עבודה
000874180,22/01/2026,8,עבודה
000874180,25/01/2026,8.75,עבודה
000874180,26/01/2026,7.75,עבודה
000874180,27/01/2026,7.75,עבודה
000874180,28/01/2026,7.5,עבודה
000874180,29/01/2026,0,חופשה
000874180,01/02/2026,9,עבודה
000874180,02/02/2026,9,עבודה
000874180,03/02/2026,8.5,עבודה
000874180,04/02/2026,8.25,עבודה
000874180,05/02/2026,9,עבודה
000874180,08/02/2026,9.25,עבודה
000874180,09/02/2026,8.75,עבודה
000874180,10/02/2026,8.25,עבודה
000874180,11/02/2026,9,עבודה
000874180,12/02/2026,8.75,עבודה
000874180,15/02/2026,8.25,עבודה
000874180,16/02/2026,9.5,עבודה
000874180,17/02/2026,8.5,עבודה
000874180,18/02/2026,9.25,עבודה
000874180,19/02/2026,7.75,עבודה
000874180,22/02/2026,9.25,עבודה
000874180,23/02/2026,9.25,עבודה
000874180,24/02/2026,0,מחלה
000874180,25/02/2026,8.75,עבודה
000874180,26/02/2026,8.5,עבודה
000874180,01/03/2026,8.5,עבודה
000874180,02/03/2026,7.5,עבודה
000874180,03/03/2026,8.25,עבודה
000874180,04/03/2026,9.25,עבודה
000874180,05/03/2026,0,חופשה
000874180,08/03/2026,9,עבודה
000874180,09/03/2026,8.25,עבודה
000874180,10/03/2026,8.25,עבודה
000874180,11/03/2026,8.25,עבודה
000874180,12/03/2026,8,עבודה
000874180,15/03/2026,7.75,עבודה
000874180,16/03/2026,7.75,עבודה
000874180,17/03/2026,8.75,עבודה
000874180,18/03/2026,8.25,עבודה
000874180,19/03/2026,8.5,עבודה
000874180,22/03/2026,8.75,עבודה
000874180,23/03/2026,7.75,עבודה
000874180,24/03/2026,8.25,עבודה
000874180,25/03/2026,8.5,עבודה
000874180,26/03/2026,9,עבודה
000874180,29/03/2026,8.5,עבודה
000874180,30/03/2026,8.75,עבודה
000874180,31/03/2026,7.75,עבודה
000874180,01/04/2026,8.5,עבודה
000874180,02/04/2026,8.5,עבודה
000874180,05/04/2026,0,מחלה
000874180,06/04/2026,8.75,עבודה
000874180,07/04/2026,9.25,עבודה
000874180,08/04/2026,8,עבודה
000874180,09/04/2026,7.5,עבודה
000874180,12/04/2026,8.5,עבודה
000874180,13/04/2026,0,חופשה
000874180,14/04/2026,8,עבודה
000874180,15/04/2026,7.75,עבודה
000874180,16/04/2026,8.75,עבודה
000874180,19/04/2026,0,מחלה
000874180,20/04/2026,8,עבודה
000874180,21/04/2026,7.75,עבודה
000874180,22/04/2026,8.75,עבודה
000874180,23/04/2026,8.25,עבודה
000874180,26/04/2026,8,עבודה
000874180,27/04/2026,7.75,עבודה
000874180,28/04/2026,8.5,עבודה
000874180,29/04/2026,8.5,עבודה
000874180,30/04/2026,7.75,עבודה
000874180,03/05/2026,7.75,עבודה
000874180,04/05/2026,7.5,עבודה
000874180,05/05/2026,8.5,עבודה
000874180,06/05/2026,8,עבודה
000874180,07/05/2026,7.5,עבודה
000874180,10/05/2026,7.75,עבודה
000874180,11/05/2026,7.75,עבודה
000874180,12/05/2026,8.5,עבודה
000874180,13/05/2026,8.25,עבודה
000874180,14/05/2026,8.75,עבודה
000874180,17/05/2026,9,עבודה
000874180,18/05/2026,7.5,עבודה
000874180,19/05/2026,0,חופשה
000874180,20/05/2026,0,מחלה
000874180,21/05/2026,8,עבודה
000874180,24/05/2026,8.75,עבודה
000874180,25/05/2026,9,עבודה
000874180,26/05/2026,7.75,עבודה
000874180,27/05/2026,8.25,עבודה
000874180,28/05/2026,8.75,עבודה
000874180,31/05/2026,9.25,עבודה
000874180,01/06/2026,8.5,עבודה
000874180,02/06/2026,8,עבודה
000874180,03/06/2026,7.75,עבודה
000874180,04/06/2026,8,עבודה
000874180,07/06/2026,9.25,עבודה
000874180,08/06/2026,7.75,עבודה
000874180,09/06/2026,8,עבודה
000874180,10/06/2026,8.5,עבודה
000874180,11/06/2026,9.25,עבודה
000874180,14/06/2026,0,חופשה
000874180,15/06/2026,9.25,עבודה
000874180,16/06/2026,7.5,עבודה
000874180,17/06/2026,0,מחלה
000874180,18/06/2026,9,עבודה
000874180,21/06/2026,9,עבודה
000874180,22/06/2026,8.5,עבודה
000874180,23/06/2026,8.75,עבודה
000874180,24/06/2026,0,חופשה
000874180,25/06/2026,8.5,עבודה
000874180,28/06/2026,9.25,עבודה
000874180,29/06/2026,7.75,עבודה
000874180,30/06/2026,8.75,עבודה
000874180,01/07/2026,9.5,עבודה
000874180,02/07/2026,8.25,עבודה
000874180,05/07/2026,0,חופשה
000874180,06/07/2026,0,חופשה
000874180,07/07/2026,9,עבודה
000874180,08/07/2026,9.25,עבודה
000874180,09/07/2026,8.75,עבודה
000874180,12/07/2026,9.5,עבודה
000874180,13/07/2026,8.5,עבודה
000874180,14/07/2026,8.25,עבודה
000874180,15/07/2026,9,עבודה
000874180,16/07/2026,9,עבודה
000874180,19/07/2026,8.5,עבודה
000874180,20/07/2026,7.5,עבודה
000874180,21/07/2026,9,עבודה
000874180,22/07/2026,9,עבודה
000874180,23/07/2026,9,עבודה
000874180,26/07/2026,8,עבודה
000874180,27/07/2026,9,עבודה
000874180,28/07/2026,9,עבודה
000874180,29/07/2026,9,עבודה
000874180,30/07/2026,9.25,עבודה
000874180,02/08/2026,8.75,עבודה
000874180,03/08/2026,0,חופשה
000874180,04/08/2026,0,חופשה
000874180,05/08/2026,9.5,עבודה
000874180,06/08/2026,0,מחלה
000874180,09/08/2026,9.25,עבודה
000874180,10/08/2026,9.5,עבודה
000874180,11/08/2026,0,מחלה
000874180,12/08/2026,8.5,עבודה
000874180,13/08/2026,9.25,עבודה
000874180,16/08/2026,7.5,עבודה
000874180,17/08/2026,9,עבודה
000874180,18/08/2026,8.25,עבודה
000874180,19/08/2026,8.5,עבודה
000874180,20/08/2026,8,עבודה
000874180,23/08/2026,8.75,עבודה
000874180,24/08/2026,7.75,עבודה
000874180,25/08/2026,8.5,עבודה
000874180,26/08/2026,9,עבודה
000874180,27/08/2026,7.75,עבודה
000874180,30/08/2026,8.75,עבודה
000874180,31/08/2026,9.25,עבודה
000874180,01/09/2026,7.5,עבודה
000874180,02/09/2026,8.25,עבודה
000874180,03/09/2026,7.75,עבודה
000874180,06/09/2026,7.5,עבודה
000874180,07/09/2026,9,עבודה
000874180,08/09/2026,0,חופשה
000874180,09/09/2026,8.5,עבודה
000874180,10/09/2026,7.5,עבודה
000874180,13/09/2026,7.75,עבודה
000874180,14/09/2026,8.75,עבודה
000874180,15/09/2026,8.75,עבודה
000874180,16/09/2026,7.5,עבודה
000874180,17/09/2026,8.5,עבודה
000874180,20/09/2026,8,עבודה
000874180,21/09/2026,7.75,עבודה
000874180,22/09/2026,8.25,עבודה
000929224,18/11/2025,0,חופשה
000929224,19/11/2025,8.5,עבודה
000929224,20/11/2025,8.75,עבודה
000929224,23/11/2025,8.5,עבודה
000929224,24/11/2025,9.5,עבודה
000929224,25/11/2025,0,מחלה
000929224,26/11/2025,8,עבודה
000929224,27/11/2025,9.5,עבודה
000929224,30/11/2025,0,חופשה
000929224,01/12/2025,8,עבודה
000929224,02/12/2025,7.75,עבודה
000929224,03/12/2025,8.5,עבודה
000929224,04/12/2025,9.5,עבודה
000929224,07/12/2025,8,עבודה
000929224,08/12/2025,8,עבודה
000929224,09/12/2025,7.5,עבודה
000929224,10/12/2025,8,עבודה
000929224,11/12/2025,8,עבודה
000929224,14/12/2025,9.5,עבודה
000929224,15/12/2025,9.5,עבודה
000929224,16/12/2025,8.5,עבודה
000929224,17/12/2025,8.75,עבודה
000929224,18/12/2025,8.25,עבודה
000929224,21/12/2025,9,עבודה
000929224,22/12/2025,9,עבודה
000929224,23/12/2025,8.75,עבודה
000929224,24/12/2025,8.5,עבודה
000929224,25/12/2025,9,עבודה
000929224,28/12/2025,8.75,עבודה
000929224,29/12/2025,7.75,עבודה
000929224,30/12/2025,8.75,עבודה
000929224,31/12/2025,8.5,עבודה
000929224,01/01/2026,9.25,עבודה
000929224,04/01/2026,9.25,עבודה
000929224,05/01/2026,7.5,עבודה
000929224,06/01/2026,0,חופשה
000929224,07/01/2026,8.25,עבודה
000929224,08/01/2026,8.75,עבודה
000929224,11/01/2026,9,עבודה
000929224,12/01/2026,8,עבודה
000929224,13/01/2026,0,חופשה
000929224,14/01/2026,8.5,עבודה
000929224,15/01/2026,8,עבודה
000929224,18/01/2026,9,עבודה
000929224,19/01/2026,7.75,עבודה
000929224,20/01/2026,9,עבודה
000929224,21/01/2026,8.75,עבודה
000929224,22/01/2026,8.5,עבודה
000929224,25/01/2026,9.5,עבודה
000929224,26/01/2026,0,חופשה
000929224,27/01/2026,8.5,עבודה
000929224,28/01/2026,7.75,עבודה
000929224,29/01/2026,8.25,עבודה
000929224,01/02/2026,9,עבודה
000929224,02/02/2026,8,עבודה
000929224,03/02/2026,9.25,עבודה
000929224,04/02/2026,7.5,עבודה
000929224,05/02/2026,8.25,עבודה
000929224,08/02/2026,7.75,עבודה
000929224,09/02/2026,8,עבודה
000929224,10/02/2026,8,עבודה
000929224,11/02/2026,7.75,עבודה
000929224,12/02/2026,7.75,עבודה
000929224,15/02/2026,7.75,עבודה
000929224,16/02/2026,8.75,עבודה
000929224,17/02/2026,7.75,עבודה
000929224,18/02/2026,8,עבודה
000929224,19/02/2026,9.25,עבודה
000929224,22/02/2026,0,חופשה
000929224,23/02/2026,9.25,עבודה
000929224,24/02/2026,0,חופשה
000929224,25/02/2026,8.5,עבודה
000929224,26/02/2026,8.5,עבודה
000929224,01/03/2026,8,עבודה
000929224,02/03/2026,9,עבודה
000929224,03/03/2026,7.75,עבודה
000929224,04/03/2026,8.25,עבודה
000929224,05/03/2026,9,עבודה
000929224,08/03/2026,8.75,עבודה
000929224,09/03/2026,7.75,עבודה
000929224,10/03/2026,7.75,עבודה
000929224,11/03/2026,9,עבודה
000929224,12/03/2026,8,עבודה
000929224,15/03/2026,8,עבודה
000929224,16/03/2026,9.25,עבודה
000929224,17/03/2026,7.75,עבודה
000929224,18/03/2026,8.75,עבודה
000929224,19/03/2026,9,עבודה
000929224,22/03/2026,9,עבודה
000929224,23/03/2026,9,עבודה
000929224,24/03/2026,9.25,עבודה
000929224,25/03/2026,9.25,עבודה
000929224,26/03/2026,8,עבודה
000929224,29/03/2026,8.5,עבודה
000929224,30/03/2026,9.5,עבודה
000929224,31/03/2026,8,עבודה
000929224,01/04/2026,9.25,עבודה
000929224,02/04/2026,9,עבודה
000929224,05/04/2026,9,עבודה
000929224,06/04/2026,8,עבודה
000929224,07/04/2026,7.75,עבודה
000929224,08/04/2026,0,חופשה
000929224,09/04/2026,8.75,עבודה
000929224,12/04/2026,9,עבודה
000929224,13/04/2026,0,חופשה
000929224,14/04/2026,0,חופשה
000929224,15/04/2026,0,חופשה
000929224,16/04/2026,7.5,עבודה
000929224,19/04/2026,8.25,עבודה
000929224,20/04/2026,7.75,עבודה
000929224,21/04/2026,9.25,עבודה
000929224,22/04/2026,7.75,עבודה
000929224,23/04/2026,9.25,עבודה
000929224,26/04/2026,8,עבודה
000929224,27/04/2026,9.25,עבודה
000929224,28/04/2026,8.5,עבודה
000929224,29/04/2026,8.75,עבודה
000929224,30/04/2026,7.75,עבודה
000929224,03/05/2026,8.5,עבודה
000929224,04/05/2026,9,עבודה
000929224,05/05/2026,9.25,עבודה
000929224,06/05/2026,8.5,עבודה
000929224,07/05/2026,9.25,עבודה
000929224,10/05/2026,8,עבודה
000929224,11/05/2026,0,מחלה
000929224,12/05/2026,8.5,עבודה
000929224,13/05/2026,9,עבודה
000929224,14/05/2026,7.75,עבודה
000929224,17/05/2026,8,עבודה
000929224,18/05/2026,0,חופשה
000929224,19/05/2026,8,עבודה
000929224,20/05/2026,9,עבודה
000929224,21/05/2026,9,עבודה
000929224,24/05/2026,8,עבודה
000929224,25/05/2026,8.5,עבודה
000929224,26/05/2026,9,עבודה
000929224,27/05/2026,8.25,עבודה
000929224,28/05/2026,8.25,עבודה
000929224,31/05/2026,9,עבודה
000929224,01/06/2026,7.5,עבודה
000929224,02/06/2026,8.25,עבודה
000929224,03/06/2026,8.75,עבודה
000929224,04/06/2026,9.25,עבודה
000929224,07/06/2026,7.75,עבודה
000929224,08/06/2026,9.25,עבודה
000929224,09/06/2026,7.75,עבודה
000929224,10/06/2026,8.75,עבודה
000929224,11/06/2026,8.25,עבודה
000929224,14/06/2026,7.5,עבודה
000929224,15/06/2026,8.75,עבודה
000929224,16/06/2026,8,עבודה
000929224,17/06/2026,9.5,עבודה
000929224,18/06/2026,8.25,עבודה
000929224,21/06/2026,7.5,עבודה
000929224,22/06/2026,8,עבודה
000929224,23/06/2026,8.25,עבודה
000929224,24/06/2026,7.75,עבודה
000929224,25/06/2026,8.75,עבודה
000929224,28/06/2026,8.5,עבודה
000929224,29/06/2026,8.5,עבודה
000929224,30/06/2026,8,עבודה
000929224,01/07/2026,8.5,עבודה
000929224,02/07/2026,8.25,עבודה
000929224,05/07/2026,9.25,עבודה
000929224,06/07/2026,8.25,עבודה
000929224,07/07/2026,8,עבודה
000929224,08/07/2026,9.5,עבודה
000929224,09/07/2026,8.25,עבודה
000929224,12/07/2026,8.75,עבודה
000929224,13/07/2026,9.25,עבודה
000929224,14/07/2026,8.25,עבודה
000929224,15/07/2026,8.5,עבודה
000929224,16/07/2026,7.75,עבודה
000929224,19/07/2026,9,עבודה
000929224,20/07/2026,9.25,עבודה
000929224,21/07/2026,7.75,עבודה
000929224,22/07/2026,7.5,עבודה
000929224,23/07/2026,9,עבודה
000929224,26/07/2026,7.75,עבודה
000929224,27/07/2026,8.25,עבודה
000929224,28/07/2026,8.25,עבודה
000929224,29/07/2026,7.75,עבודה
000929224,30/07/2026,8,עבודה
000929224,02/08/2026,0,מחלה
000929224,03/08/2026,8,עבודה
000929224,04/08/2026,0,חופשה
000929224,05/08/2026,7.75,עבודה
000929224,06/08/2026,9,עבודה
000929224,09/08/2026,7.5,עבודה
000929224,10/08/2026,9.25,עבודה
000929224,11/08/2026,9,עבודה
000929224,12/08/2026,7.75,עבודה
000929224,13/08/2026,7.5,עבודה
000929224,16/08/2026,9,עבודה
000929224,17/08/2026,8,עבודה
000929224,18/08/2026,7.75,עבודה
000929224,19/08/2026,9,עבודה
000929224,20/08/2026,8.25,עבודה
000929224,23/08/2026,8.25,עבודה
000929224,24/08/2026,8.25,עבודה
000929224,25/08/2026,0,מחלה
000929224,26/08/2026,0,חופשה
000929224,27/08/2026,0,מחלה
000929224,30/08/2026,8.5,עבודה
000929224,31/08/2026,7.75,עבודה
000929224,01/09/2026,8.25,עבודה
000929224,02/09/2026,7.75,עבודה
000929224,03/09/2026,7.5,עבודה
000929224,06/09/2026,7.5,עבודה
000929224,07/09/2026,8,עבודה
000929224,08/09/2026,8.75,עבודה
000929224,09/09/2026,8.25,עבודה
000929224,10/09/2026,8.5,עבודה
000929224,13/09/2026,7.75,עבודה
000929224,14/09/2026,8.5,עבודה
000929224,15/09/2026,0,חופשה
000929224,16/09/2026,8.25,עבודה
000929224,17/09/2026,8.5,עבודה
000929224,20/09/2026,8.25,עבודה
000929224,21/09/2026,7.75,עבודה
000929224,22/09/2026,9,עבודה
000730507,16/11/2025,8.75,עבודה
000730507,17/11/2025,9.25,עבודה
000730507,18/11/2025,8.75,עבודה
000730507,19/11/2025,7.75,עבודה
000730507,20/11/2025,8.75,עבודה
000730507,23/11/2025,0,מחלה
000730507,24/11/2025,7.5,עבודה
000730507,25/11/2025,9,עבודה
000730507,26/11/2025,8.75,עבודה
000730507,27/11/2025,0,חופשה
000730507,30/11/2025,8.5,עבודה
000730507,01/12/2025,9.25,עבודה
000730507,02/12/2025,7.75,עבודה
000730507,03/12/2025,8.25,עבודה
000730507,04/12/2025,9,עבודה
000730507,07/12/2025,7.5,עבודה
000730507,08/12/2025,8.25,עבודה
000730507,09/12/2025,0,מחלה
000730507,10/12/2025,8.75,עבודה
000730507,11/12/2025,9,עבודה
000730507,14/12/2025,8.5,עבודה
000730507,15/12/2025,8.25,עבודה
000730507,16/12/2025,7.75,עבודה
000730507,17/12/2025,9.25,עבודה
000730507,18/12/2025,8,עבודה
000730507,21/12/2025,0,חופשה
000730507,22/12/2025,8,עבודה
000730507,23/12/2025,8.75,עבודה
000730507,24/12/2025,9.25,עבודה
000730507,25/12/2025,7.5,עבודה
000730507,28/12/2025,9.25,עבודה
000730507,29/12/2025,9.25,עבודה
000730507,30/12/2025,8.5,עבודה
000730507,31/12/2025,8.25,עבודה
000730507,01/01/2026,9,עבודה
000730507,04/01/2026,0,חופשה
000730507,05/01/2026,8.75,עבודה
000730507,06/01/2026,8.75,עבודה
000730507,07/01/2026,8.5,עבודה
000730507,08/01/2026,7.75,עבודה
000730507,11/01/2026,9,עבודה
000730507,12/01/2026,8.25,עבודה
000730507,13/01/2026,7.75,עבודה
000730507,14/01/2026,8.25,עבודה
000730507,15/01/2026,8.75,עבודה
000730507,18/01/2026,8.75,עבודה
000730507,19/01/2026,8.75,עבודה
000730507,20/01/2026,8,עבודה
000730507,21/01/2026,9.25,עבודה
000730507,22/01/2026,7.75,עבודה
000730507,25/01/2026,7.5,עבודה
000730507,26/01/2026,7.5,עבודה
000730507,27/01/2026,9.5,עבודה
000730507,28/01/2026,8.5,עבודה
000730507,29/01/2026,8.75,עבודה
000730507,01/02/2026,7.75,עבודה
000730507,02/02/2026,9,עבודה
000730507,03/02/2026,8,עבודה
000730507,04/02/2026,8.75,עבודה
000730507,05/02/2026,9,עבודה
000730507,08/02/2026,8,עבודה
000730507,09/02/2026,9,עבודה
000730507,10/02/2026,7.75,עבודה
000730507,11/02/2026,7.75,עבודה
000730507,12/02/2026,0,חופשה
000730507,15/02/2026,9.25,עבודה
000730507,16/02/2026,9,עבודה
000730507,17/02/2026,7.75,עבודה
000730507,18/02/2026,9.25,עבודה
000730507,19/02/2026,8,עבודה
000730507,22/02/2026,8.75,עבודה
000730507,23/02/2026,9,עבודה
000730507,24/02/2026,8,עבודה
000730507,25/02/2026,8.25,עבודה
000730507,26/02/2026,9.5,עבודה
000730507,01/03/2026,9.5,עבודה
000730507,02/03/2026,8.75,עבודה
000730507,03/03/2026,9.5,עבודה
000730507,04/03/2026,9,עבודה
000730507,05/03/2026,0,חופשה
000730507,08/03/2026,9.5,עבודה
000730507,09/03/2026,8.25,עבודה
000730507,10/03/2026,9.25,עבודה
000730507,11/03/2026,9.5,עבודה
000730507,12/03/2026,9.25,עבודה
000730507,15/03/2026,9.25,עבודה
000730507,16/03/2026,7.5,עבודה
000730507,17/03/2026,9.25,עבודה
000730507,18/03/2026,8.5,עבודה
000730507,19/03/2026,8.75,עבודה
000730507,22/03/2026,9,עבודה
000730507,23/03/2026,8.25,עבודה
000951855,21/10/2025,8.25,עבודה
000951855,22/10/2025,9.25,עבודה
000951855,23/10/2025,8.75,עבודה
000951855,26/10/2025,9.25,עבודה
000951855,27/10/2025,9.25,עבודה
000951855,28/10/2025,9,עבודה
000951855,29/10/2025,9.25,עבודה
000951855,30/10/2025,8,עבודה
000951855,02/11/2025,8.5,עבודה
000951855,03/11/2025,7.75,עבודה
000951855,04/11/2025,7.75,עבודה
000951855,05/11/2025,8,עבודה
000951855,06/11/2025,8,עבודה
000951855,09/11/2025,8.5,עבודה
000951855,10/11/2025,9,עבודה
000951855,11/11/2025,7.75,עבודה
000951855,12/11/2025,8.75,עבודה
000951855,13/11/2025,7.75,עבודה
000951855,16/11/2025,9,עבודה
000951855,17/11/2025,8,עבודה
000951855,18/11/2025,8.75,עבודה
000951855,19/11/2025,0,חופשה
000951855,20/11/2025,8.75,עבודה
000951855,23/11/2025,7.75,עבודה
000951855,24/11/2025,9.25,עבודה
000951855,25/11/2025,9.25,עבודה
000951855,26/11/2025,8.25,עבודה
000951855,27/11/2025,0,מחלה
000951855,30/11/2025,7.75,עבודה
000951855,01/12/2025,8.75,עבודה
000951855,02/12/2025,7.5,עבודה
000951855,03/12/2025,9.25,עבודה
000951855,04/12/2025,8.25,עבודה
000951855,07/12/2025,9.25,עבודה
000951855,08/12/2025,9.5,עבודה
000951855,09/12/2025,8.25,עבודה
000951855,10/12/2025,8.5,עבודה
000951855,11/12/2025,8.25,עבודה
000951855,14/12/2025,7.75,עבודה
000951855,15/12/2025,9,עבודה
000951855,16/12/2025,8,עבודה
000951855,17/12/2025,8.75,עבודה
000951855,18/12/2025,9.25,עבודה
000951855,21/12/2025,7.75,עבודה
000951855,22/12/2025,7.75,עבודה
000951855,23/12/2025,9,עבודה
000951855,24/12/2025,9.25,עבודה
000951855,25/12/2025,8,עבודה
000951855,28/12/2025,8.75,עבודה
000951855,29/12/2025,8.75,עבודה
000951855,30/12/2025,9.25,עבודה
000951855,31/12/2025,7.75,עבודה
000951855,01/01/2026,8.75,עבודה
000951855,04/01/2026,8.5,עבודה
000951855,05/01/2026,7.75,עבודה
000951855,06/01/2026,8.25,עבודה
000951855,07/01/2026,9.5,עבודה
000951855,08/01/2026,0,חופשה
000951855,11/01/2026,9.25,עבודה
000951855,12/01/2026,8,עבודה
000951855,13/01/2026,8.75,עבודה
000951855,14/01/2026,7.75,עבודה
000951855,15/01/2026,9,עבודה
000951855,18/01/2026,9.25,עבודה
000951855,19/01/2026,8.5,עבודה
000951855,20/01/2026,0,מחלה
000951855,21/01/2026,7.75,עבודה
000951855,22/01/2026,8.5,עבודה
000951855,25/01/2026,9,עבודה
000951855,26/01/2026,0,חופשה
000951855,27/01/2026,0,חופשה
000951855,28/01/2026,7.5,עבודה
000951855,29/01/2026,8,עבודה
000951855,01/02/2026,8.75,עבודה
000951855,02/02/2026,9.25,עבודה
000951855,03/02/2026,8.5,עבודה
000951855,04/02/2026,8.5,עבודה
000951855,05/02/2026,9,עבודה
000951855,08/02/2026,9.5,עבודה
000951855,09/02/2026,7.75,עבודה
000951855,10/02/2026,8.75,עבודה
000951855,11/02/2026,9,עבודה
000951855,12/02/2026,8.75,עבודה
000951855,15/02/2026,0,חופשה
000951855,16/02/2026,0,מחלה
000951855,17/02/2026,8,עבודה
000951855,18/02/2026,0,חופשה
000951855,19/02/2026,9,עבודה
000951855,22/02/2026,8.25,עבודה
000951855,23/02/2026,9,עבודה
000951855,24/02/2026,8.5,עבודה
000951855,25/02/2026,8.25,עבודה
000951855,26/02/2026,9.25,עבודה
000951855,01/03/2026,8.25,עבודה
000951855,02/03/2026,7.5,עבודה
000951855,03/03/2026,9,עבודה
000951855,04/03/2026,9.25,עבודה
000951855,05/03/2026,8.75,עבודה
000951855,08/03/2026,0,חופשה
000951855,09/03/2026,8.25,עבודה
000951855,10/03/2026,9.25,עבודה
000951855,11/03/2026,9,עבודה
000951855,12/03/2026,9.25,עבודה
000951855,15/03/2026,8.5,עבודה
000951855,16/03/2026,8.25,עבודה
000951855,17/03/2026,8.5,עבודה
000951855,18/03/2026,8.5,עבודה
000951855,19/03/2026,0,חופשה
000951855,22/03/2026,0,מחלה
000951855,23/03/2026,8.75,עבודה
000951855,24/03/2026,7.5,עבודה
000951855,25/03/2026,8.25,עבודה
000951855,26/03/2026,8,עבודה
000239681,05/10/2025,7.75,עבודה
000239681,06/10/2025,9.5,עבודה
000239681,07/10/2025,8,עבודה
000239681,08/10/2025,0,חופשה
000239681,09/10/2025,8.5,עבודה
000239681,12/10/2025,8.25,עבודה
000239681,13/10/2025,9,עבודה
000239681,14/10/2025,7.5,עבודה
000239681,15/10/2025,7.75,עבודה
000239681,16/10/2025,8.25,עבודה
000239681,19/10/2025,7.75,עבודה
000239681,20/10/2025,8,עבודה
000239681,21/10/2025,7.5,עבודה
000239681,22/10/2025,7.5,עבודה
000239681,23/10/2025,7.75,עבודה
000239681,26/10/2025,7.75,עבודה
000239681,27/10/2025,7.75,עבודה
000239681,28/10/2025,9,עבודה
000239681,29/10/2025,8.25,עבודה
000239681,30/10/2025,8.5,עבודה
